uri,kind,size_bytes,dtype,shape,retention,confidentiality,source_system,family,workflow_seat,source_abspath,note
mi/vllm-lens/sparse/capture-20260618-070102/req_00000.safetensors,derived_feature,262480,F32,"[323, 100]",keep_forever,open,local-fs,mi-activation-capture,1-logprob/4-sae,C:\Users\spenc\Cursor Repos\application-vllm-lens\data\sparse\capture-20260618-070102\req_00000.safetensors,"SAE topk sparse code; tensor ""values"" F32 [323, 100] + ""indices"" I32 same shape; __metadata__.record carries prompt/solution/generated_text, d_in=4096, k=100, d_sae=65536, sae_repo=Qwen/SAE-Res-Qwen3-8B-Base-W64K-L0_100"
mi/vllm-lens/sparse/capture-20260618-070102/req_00001.safetensors,derived_feature,232656,F32,"[286, 100]",keep_forever,open,local-fs,mi-activation-capture,1-logprob/4-sae,C:\Users\spenc\Cursor Repos\application-vllm-lens\data\sparse\capture-20260618-070102\req_00001.safetensors,"SAE topk sparse code; tensor ""values"" F32 [286, 100] + ""indices"" I32 same shape; __metadata__.record carries prompt/solution/generated_text, d_in=4096, k=100, d_sae=65536, sae_repo=Qwen/SAE-Res-Qwen3-8B-Base-W64K-L0_100"
mi/vllm-lens/sparse/capture-20260618-070102/req_00002.safetensors,derived_feature,231288,F32,"[285, 100]",keep_forever,open,local-fs,mi-activation-capture,1-logprob/4-sae,C:\Users\spenc\Cursor Repos\application-vllm-lens\data\sparse\capture-20260618-070102\req_00002.safetensors,"SAE topk sparse code; tensor ""values"" F32 [285, 100] + ""indices"" I32 same shape; __metadata__.record carries prompt/solution/generated_text, d_in=4096, k=100, d_sae=65536, sae_repo=Qwen/SAE-Res-Qwen3-8B-Base-W64K-L0_100"
mi/vllm-lens/sparse/capture-20260618-070102/req_00003.safetensors,derived_feature,252504,F32,"[310, 100]",keep_forever,open,local-fs,mi-activation-capture,1-logprob/4-sae,C:\Users\spenc\Cursor Repos\application-vllm-lens\data\sparse\capture-20260618-070102\req_00003.safetensors,"SAE topk sparse code; tensor ""values"" F32 [310, 100] + ""indices"" I32 same shape; __metadata__.record carries prompt/solution/generated_text, d_in=4096, k=100, d_sae=65536, sae_repo=Qwen/SAE-Res-Qwen3-8B-Base-W64K-L0_100"
mi/vllm-lens/sparse/capture-20260618-070102/req_00004.safetensors,derived_feature,243248,F32,"[299, 100]",keep_forever,open,local-fs,mi-activation-capture,1-logprob/4-sae,C:\Users\spenc\Cursor Repos\application-vllm-lens\data\sparse\capture-20260618-070102\req_00004.safetensors,"SAE topk sparse code; tensor ""values"" F32 [299, 100] + ""indices"" I32 same shape; __metadata__.record carries prompt/solution/generated_text, d_in=4096, k=100, d_sae=65536, sae_repo=Qwen/SAE-Res-Qwen3-8B-Base-W64K-L0_100"
mi/vllm-lens/results/capture-20260618-070102_feature_stats.parquet,export,276752,,,keep_forever,open,local-fs,mi-sae-features,4-sae,C:\Users\spenc\Cursor Repos\application-vllm-lens\data\results\capture-20260618-070102_feature_stats.parquet,"11411 rows x 5 cols: feature,n_active,activation_frequency,mean_activation,sum_activation"
mi/vllm-lens/results/intervene-20260618-230415_intervention.parquet,export,5109,,,keep_forever,open,local-fs,mi-intervention,5-patching/6-steering,C:\Users\spenc\Cursor Repos\application-vllm-lens\data\results\intervene-20260618-230415_intervention.parquet,4 rows x 8 cols; DEGENERATE: accuracy 0.0 at both scales
mi/vllm-lens/runs/capture-20260618-070102/config.analyze.yaml,external_record,291,,,keep_forever,open,local-fs,mi-run-provenance,all,C:\Users\spenc\Cursor Repos\application-vllm-lens\data\runs\capture-20260618-070102\config.analyze.yaml,run manifests + config snapshots -> rank-5 external_records + annotates edges
mi/vllm-lens/runs/capture-20260618-070102/config.capture.yaml,external_record,524,,,keep_forever,open,local-fs,mi-run-provenance,all,C:\Users\spenc\Cursor Repos\application-vllm-lens\data\runs\capture-20260618-070102\config.capture.yaml,run manifests + config snapshots -> rank-5 external_records + annotates edges
mi/vllm-lens/runs/capture-20260618-070102/config.encode.yaml,external_record,291,,,keep_forever,open,local-fs,mi-run-provenance,all,C:\Users\spenc\Cursor Repos\application-vllm-lens\data\runs\capture-20260618-070102\config.encode.yaml,run manifests + config snapshots -> rank-5 external_records + annotates edges
mi/vllm-lens/runs/capture-20260618-070102/manifest.json,external_record,1438,,,keep_forever,open,local-fs,mi-run-provenance,all,C:\Users\spenc\Cursor Repos\application-vllm-lens\data\runs\capture-20260618-070102\manifest.json,run manifests + config snapshots -> rank-5 external_records + annotates edges
mi/vllm-lens/runs/intervene-20260618-230415/config.intervene.yaml,external_record,654,,,keep_forever,open,local-fs,mi-run-provenance,all,C:\Users\spenc\Cursor Repos\application-vllm-lens\data\runs\intervene-20260618-230415\config.intervene.yaml,run manifests + config snapshots -> rank-5 external_records + annotates edges
mi/vllm-lens/runs/intervene-20260618-230415/manifest.json,external_record,487,,,keep_forever,open,local-fs,mi-run-provenance,all,C:\Users\spenc\Cursor Repos\application-vllm-lens\data\runs\intervene-20260618-230415\manifest.json,run manifests + config snapshots -> rank-5 external_records + annotates edges
mi/vllm-lens/sae/layer18.sae.pt,sae_release,2147764603,,,pinned,open,local-fs,mi-sae-asset,4-sae,C:\Users\spenc\Cursor Repos\application-vllm-lens\data\sae\layer18.sae.pt,layer18.sae.pt 2.15GB = LOCAL COPY of HF Qwen/SAE-Res-Qwen3-8B-Base-W64K-L0_100; prefer assets row (hf_repo/hf_revision) over bytes
mi/vastai/multi-pass/.gitkeep,external_record,2,,,keep_forever,open,local-fs,mi-base-vs-sft-divergence,2-logit-lens,C:\Users\spenc\Cursor Repos\vastai-ssh-jupyter-pytorch\h200_outputs_multi\.gitkeep,run metadata / manifest / summary for the multi-pass divergence run
mi/vastai/multi-pass/MULTI_PASS_SUMMARY.md,external_record,4228,,,keep_forever,open,local-fs,mi-base-vs-sft-divergence,2-logit-lens,C:\Users\spenc\Cursor Repos\vastai-ssh-jupyter-pytorch\h200_outputs_multi\MULTI_PASS_SUMMARY.md,run metadata / manifest / summary for the multi-pass divergence run
mi/vastai/multi-pass/README.md,external_record,427,,,keep_forever,open,local-fs,mi-base-vs-sft-divergence,2-logit-lens,C:\Users\spenc\Cursor Repos\vastai-ssh-jupyter-pytorch\h200_outputs_multi\README.md,run metadata / manifest / summary for the multi-pass divergence run
mi/vastai/multi-pass/manifest_multi.csv,external_record,1350,,,keep_forever,open,local-fs,mi-base-vs-sft-divergence,2-logit-lens,C:\Users\spenc\Cursor Repos\vastai-ssh-jupyter-pytorch\h200_outputs_multi\manifest_multi.csv,run metadata / manifest / summary for the multi-pass divergence run
mi/vastai/multi-pass/gpt2_to_gpt2/20251127_032925_gpt2_to_gpt2.meta.json,external_record,464,,,keep_forever,open,local-fs,mi-base-vs-sft-divergence,2-logit-lens,C:\Users\spenc\Cursor Repos\vastai-ssh-jupyter-pytorch\h200_outputs_multi\gpt2_to_gpt2\20251127_032925_gpt2_to_gpt2.meta.json,run metadata / manifest / summary for the multi-pass divergence run
mi/vastai/multi-pass/gpt2_to_gpt2/multi_pass_20251127_032841_gpt2_to_gpt2.json,export,17498837,,,keep_forever,open,local-fs,mi-base-vs-sft-divergence,2-logit-lens,C:\Users\spenc\Cursor Repos\vastai-ssh-jupyter-pytorch\h200_outputs_multi\gpt2_to_gpt2\multi_pass_20251127_032841_gpt2_to_gpt2.json,4-pass BB/BS/SB/SS + 6 pairwise diffs; format_version 2; 4 records/file; runs[] per-layer stats
mi/vastai/multi-pass/gpt2_to_gpt2/multi_pass_20251127_032925_gpt2_to_gpt2.json,export,17498837,,,keep_forever,open,local-fs,mi-base-vs-sft-divergence,2-logit-lens,C:\Users\spenc\Cursor Repos\vastai-ssh-jupyter-pytorch\h200_outputs_multi\gpt2_to_gpt2\multi_pass_20251127_032925_gpt2_to_gpt2.json,4-pass BB/BS/SB/SS + 6 pairwise diffs; format_version 2; 4 records/file; runs[] per-layer stats
mi/vastai/multi-pass/Qwen_Qwen2_5_0_5B_to_Qwen_Qwen2_5_0_5B_Instruct/20251127_032959_Qwen_Qwen2_5_0_5B_to_Qwen_Qwen2_5_0_5B_Instruct.meta.json,external_record,499,,,keep_forever,open,local-fs,mi-base-vs-sft-divergence,2-logit-lens,C:\Users\spenc\Cursor Repos\vastai-ssh-jupyter-pytorch\h200_outputs_multi\Qwen_Qwen2_5_0_5B_to_Qwen_Qwen2_5_0_5B_Instruct\20251127_032959_Qwen_Qwen2_5_0_5B_to_Qwen_Qwen2_5_0_5B_Instruct.meta.json,run metadata / manifest / summary for the multi-pass divergence run
mi/vastai/multi-pass/Qwen_Qwen2_5_0_5B_to_Qwen_Qwen2_5_0_5B_Instruct/multi_pass_20251127_032959_Qwen_Qwen2_5_0_5B_to_Qwen_Qwen2_5_0_5B_Instruct.json,export,37821587,,,keep_forever,open,local-fs,mi-base-vs-sft-divergence,2-logit-lens,C:\Users\spenc\Cursor Repos\vastai-ssh-jupyter-pytorch\h200_outputs_multi\Qwen_Qwen2_5_0_5B_to_Qwen_Qwen2_5_0_5B_Instruct\multi_pass_20251127_032959_Qwen_Qwen2_5_0_5B_to_Qwen_Qwen2_5_0_5B_Instruct.json,4-pass BB/BS/SB/SS + 6 pairwise diffs; format_version 2; 4 records/file; runs[] per-layer stats
mi/vastai/multi-pass/Qwen_Qwen2_5_0_5B_to_Qwen_Qwen2_5_0_5B_Instruct/multi_pass_20251127_032959_Qwen_Qwen2_5_0_5B_to_Qwen_Qwen2_5_0_5B_Instruct_activations.json,export,29780959,,,keep_forever,open,local-fs,mi-base-vs-sft-divergence,2-logit-lens,C:\Users\spenc\Cursor Repos\vastai-ssh-jupyter-pytorch\h200_outputs_multi\Qwen_Qwen2_5_0_5B_to_Qwen_Qwen2_5_0_5B_Instruct\multi_pass_20251127_032959_Qwen_Qwen2_5_0_5B_to_Qwen_Qwen2_5_0_5B_Instruct_activations.json,4-pass BB/BS/SB/SS + 6 pairwise diffs; format_version 2; 4 records/file; runs[] per-layer stats
mi/vastai/multi-pass/Qwen_Qwen2_5_0_5B_to_Qwen_Qwen2_5_0_5B_Instruct/multi_pass_20251127_032959_Qwen_Qwen2_5_0_5B_to_Qwen_Qwen2_5_0_5B_Instruct_logits.json,export,37069054,,,keep_forever,open,local-fs,mi-base-vs-sft-divergence,2-logit-lens,C:\Users\spenc\Cursor Repos\vastai-ssh-jupyter-pytorch\h200_outputs_multi\Qwen_Qwen2_5_0_5B_to_Qwen_Qwen2_5_0_5B_Instruct\multi_pass_20251127_032959_Qwen_Qwen2_5_0_5B_to_Qwen_Qwen2_5_0_5B_Instruct_logits.json,4-pass BB/BS/SB/SS + 6 pairwise diffs; format_version 2; 4 records/file; runs[] per-layer stats
mi/vastai/multi-pass/Qwen_Qwen2_5_1_5B_to_Qwen_Qwen2_5_1_5B_Instruct/20251127_033047_Qwen_Qwen2_5_1_5B_to_Qwen_Qwen2_5_1_5B_Instruct.meta.json,external_record,499,,,keep_forever,open,local-fs,mi-base-vs-sft-divergence,2-logit-lens,C:\Users\spenc\Cursor Repos\vastai-ssh-jupyter-pytorch\h200_outputs_multi\Qwen_Qwen2_5_1_5B_to_Qwen_Qwen2_5_1_5B_Instruct\20251127_033047_Qwen_Qwen2_5_1_5B_to_Qwen_Qwen2_5_1_5B_Instruct.meta.json,run metadata / manifest / summary for the multi-pass divergence run
mi/vastai/multi-pass/Qwen_Qwen2_5_1_5B_to_Qwen_Qwen2_5_1_5B_Instruct/multi_pass_20251127_033047_Qwen_Qwen2_5_1_5B_to_Qwen_Qwen2_5_1_5B_Instruct.json,export,37956731,,,keep_forever,open,local-fs,mi-base-vs-sft-divergence,2-logit-lens,C:\Users\spenc\Cursor Repos\vastai-ssh-jupyter-pytorch\h200_outputs_multi\Qwen_Qwen2_5_1_5B_to_Qwen_Qwen2_5_1_5B_Instruct\multi_pass_20251127_033047_Qwen_Qwen2_5_1_5B_to_Qwen_Qwen2_5_1_5B_Instruct.json,4-pass BB/BS/SB/SS + 6 pairwise diffs; format_version 2; 4 records/file; runs[] per-layer stats
mi/vastai/multi-pass/Qwen_Qwen2_5_1_5B_to_Qwen_Qwen2_5_1_5B_Instruct/multi_pass_20251127_033047_Qwen_Qwen2_5_1_5B_to_Qwen_Qwen2_5_1_5B_Instruct_activations.json,export,29864306,,,keep_forever,open,local-fs,mi-base-vs-sft-divergence,2-logit-lens,C:\Users\spenc\Cursor Repos\vastai-ssh-jupyter-pytorch\h200_outputs_multi\Qwen_Qwen2_5_1_5B_to_Qwen_Qwen2_5_1_5B_Instruct\multi_pass_20251127_033047_Qwen_Qwen2_5_1_5B_to_Qwen_Qwen2_5_1_5B_Instruct_activations.json,4-pass BB/BS/SB/SS + 6 pairwise diffs; format_version 2; 4 records/file; runs[] per-layer stats
mi/vastai/multi-pass/Qwen_Qwen2_5_1_5B_to_Qwen_Qwen2_5_1_5B_Instruct/multi_pass_20251127_033047_Qwen_Qwen2_5_1_5B_to_Qwen_Qwen2_5_1_5B_Instruct_logits.json,export,37206904,,,keep_forever,open,local-fs,mi-base-vs-sft-divergence,2-logit-lens,C:\Users\spenc\Cursor Repos\vastai-ssh-jupyter-pytorch\h200_outputs_multi\Qwen_Qwen2_5_1_5B_to_Qwen_Qwen2_5_1_5B_Instruct\multi_pass_20251127_033047_Qwen_Qwen2_5_1_5B_to_Qwen_Qwen2_5_1_5B_Instruct_logits.json,4-pass BB/BS/SB/SS + 6 pairwise diffs; format_version 2; 4 records/file; runs[] per-layer stats
mi/vastai/residual-compare/residual_compare_20251126_032345_gpt2.json,export,10779980,,,keep_forever,open,local-fs,mi-base-vs-sft-divergence,2-logit-lens,C:\Users\spenc\Cursor Repos\vastai-ssh-jupyter-pytorch\persistent\analyses\residual_compare\residual_compare_20251126_032345_gpt2.json,"single-pass predecessor to multi-pass, 2025-11-26"
mi/vastai/residual-compare/residual_compare_20251126_032418_Qwen_Qwen2_5_0_5B_Instruct.json,export,23772877,,,keep_forever,open,local-fs,mi-base-vs-sft-divergence,2-logit-lens,C:\Users\spenc\Cursor Repos\vastai-ssh-jupyter-pytorch\persistent\analyses\residual_compare\residual_compare_20251126_032418_Qwen_Qwen2_5_0_5B_Instruct.json,"single-pass predecessor to multi-pass, 2025-11-26"
mi/vastai/residual-compare/residual_compare_20251126_032756_Qwen_Qwen2_5_1_5B_Instruct.json,export,27415130,,,keep_forever,open,local-fs,mi-base-vs-sft-divergence,2-logit-lens,C:\Users\spenc\Cursor Repos\vastai-ssh-jupyter-pytorch\persistent\analyses\residual_compare\residual_compare_20251126_032756_Qwen_Qwen2_5_1_5B_Instruct.json,"single-pass predecessor to multi-pass, 2025-11-26"
mi/vastai/residual-compare/residual_compare_20251126_032928_Qwen_Qwen2_5_3B_Instruct.json,export,34271909,,,keep_forever,open,local-fs,mi-base-vs-sft-divergence,2-logit-lens,C:\Users\spenc\Cursor Repos\vastai-ssh-jupyter-pytorch\persistent\analyses\residual_compare\residual_compare_20251126_032928_Qwen_Qwen2_5_3B_Instruct.json,"single-pass predecessor to multi-pass, 2025-11-26"
mi/vastai/residual-compare/residual_compare_20251126_033520_Qwen_Qwen2_5_7B_Instruct.json,export,26429218,,,keep_forever,open,local-fs,mi-base-vs-sft-divergence,2-logit-lens,C:\Users\spenc\Cursor Repos\vastai-ssh-jupyter-pytorch\persistent\analyses\residual_compare\residual_compare_20251126_033520_Qwen_Qwen2_5_7B_Instruct.json,"single-pass predecessor to multi-pass, 2025-11-26"
mi/vastai/residual-compare/residual_compare_20251126_033648_Qwen_Qwen2_5_Math_1_5B_Instruct.json,export,26118498,,,keep_forever,open,local-fs,mi-base-vs-sft-divergence,2-logit-lens,C:\Users\spenc\Cursor Repos\vastai-ssh-jupyter-pytorch\persistent\analyses\residual_compare\residual_compare_20251126_033648_Qwen_Qwen2_5_Math_1_5B_Instruct.json,"single-pass predecessor to multi-pass, 2025-11-26"
mi/vastai/residual-compare/residual_compare_20251126_033953_Qwen_Qwen2_5_Math_7B_Instruct.json,export,25924090,,,keep_forever,open,local-fs,mi-base-vs-sft-divergence,2-logit-lens,C:\Users\spenc\Cursor Repos\vastai-ssh-jupyter-pytorch\persistent\analyses\residual_compare\residual_compare_20251126_033953_Qwen_Qwen2_5_Math_7B_Instruct.json,"single-pass predecessor to multi-pass, 2025-11-26"
mi/vastai/residual-compare/logs/01_gpt2_baseline.log,export,4058,,,keep_forever,open,local-fs,mi-base-vs-sft-divergence,2-logit-lens,C:\Users\spenc\Cursor Repos\vastai-ssh-jupyter-pytorch\persistent\analyses\residual_compare\logs\01_gpt2_baseline.log,"single-pass predecessor to multi-pass, 2025-11-26"
mi/vastai/residual-compare/logs/01_llama-3.1-8b.log,export,6139,,,keep_forever,open,local-fs,mi-base-vs-sft-divergence,2-logit-lens,C:\Users\spenc\Cursor Repos\vastai-ssh-jupyter-pytorch\persistent\analyses\residual_compare\logs\01_llama-3.1-8b.log,"single-pass predecessor to multi-pass, 2025-11-26"
mi/vastai/residual-compare/logs/01_qwen-7b.log,export,5535,,,keep_forever,open,local-fs,mi-base-vs-sft-divergence,2-logit-lens,C:\Users\spenc\Cursor Repos\vastai-ssh-jupyter-pytorch\persistent\analyses\residual_compare\logs\01_qwen-7b.log,"single-pass predecessor to multi-pass, 2025-11-26"
mi/vastai/residual-compare/logs/01_qwen-math-1.5b.log,export,4704,,,keep_forever,open,local-fs,mi-base-vs-sft-divergence,2-logit-lens,C:\Users\spenc\Cursor Repos\vastai-ssh-jupyter-pytorch\persistent\analyses\residual_compare\logs\01_qwen-math-1.5b.log,"single-pass predecessor to multi-pass, 2025-11-26"
mi/vastai/residual-compare/logs/01_qwen-math-7b.log,export,5418,,,keep_forever,open,local-fs,mi-base-vs-sft-divergence,2-logit-lens,C:\Users\spenc\Cursor Repos\vastai-ssh-jupyter-pytorch\persistent\analyses\residual_compare\logs\01_qwen-math-7b.log,"single-pass predecessor to multi-pass, 2025-11-26"
mi/vastai/residual-compare/logs/02_qwen-0.5b.log,export,4694,,,keep_forever,open,local-fs,mi-base-vs-sft-divergence,2-logit-lens,C:\Users\spenc\Cursor Repos\vastai-ssh-jupyter-pytorch\persistent\analyses\residual_compare\logs\02_qwen-0.5b.log,"single-pass predecessor to multi-pass, 2025-11-26"
mi/vastai/residual-compare/logs/03_qwen-1.5b.log,export,4862,,,keep_forever,open,local-fs,mi-base-vs-sft-divergence,2-logit-lens,C:\Users\spenc\Cursor Repos\vastai-ssh-jupyter-pytorch\persistent\analyses\residual_compare\logs\03_qwen-1.5b.log,"single-pass predecessor to multi-pass, 2025-11-26"
mi/vastai/residual-compare/logs/04_qwen-3b.log,export,5533,,,keep_forever,open,local-fs,mi-base-vs-sft-divergence,2-logit-lens,C:\Users\spenc\Cursor Repos\vastai-ssh-jupyter-pytorch\persistent\analyses\residual_compare\logs\04_qwen-3b.log,"single-pass predecessor to multi-pass, 2025-11-26"
mi/vastai/residual-compare/logs/05_qwen-7b.log,export,6980,,,keep_forever,open,local-fs,mi-base-vs-sft-divergence,2-logit-lens,C:\Users\spenc\Cursor Repos\vastai-ssh-jupyter-pytorch\persistent\analyses\residual_compare\logs\05_qwen-7b.log,"single-pass predecessor to multi-pass, 2025-11-26"
mi/vastai/residual-compare/logs/gpt2_baseline.done,export,483,,,keep_forever,open,local-fs,mi-base-vs-sft-divergence,2-logit-lens,C:\Users\spenc\Cursor Repos\vastai-ssh-jupyter-pytorch\persistent\analyses\residual_compare\logs\gpt2_baseline.done,"single-pass predecessor to multi-pass, 2025-11-26"
mi/vastai/residual-compare/logs/qwen-0.5b.done,export,545,,,keep_forever,open,local-fs,mi-base-vs-sft-divergence,2-logit-lens,C:\Users\spenc\Cursor Repos\vastai-ssh-jupyter-pytorch\persistent\analyses\residual_compare\logs\qwen-0.5b.done,"single-pass predecessor to multi-pass, 2025-11-26"
mi/vastai/residual-compare/logs/qwen-1.5b.done,export,560,,,keep_forever,open,local-fs,mi-base-vs-sft-divergence,2-logit-lens,C:\Users\spenc\Cursor Repos\vastai-ssh-jupyter-pytorch\persistent\analyses\residual_compare\logs\qwen-1.5b.done,"single-pass predecessor to multi-pass, 2025-11-26"
mi/vastai/residual-compare/logs/qwen-3b.done,export,539,,,keep_forever,open,local-fs,mi-base-vs-sft-divergence,2-logit-lens,C:\Users\spenc\Cursor Repos\vastai-ssh-jupyter-pytorch\persistent\analyses\residual_compare\logs\qwen-3b.done,"single-pass predecessor to multi-pass, 2025-11-26"
mi/vastai/residual-compare/logs/qwen-7b.done,export,539,,,keep_forever,open,local-fs,mi-base-vs-sft-divergence,2-logit-lens,C:\Users\spenc\Cursor Repos\vastai-ssh-jupyter-pytorch\persistent\analyses\residual_compare\logs\qwen-7b.done,"single-pass predecessor to multi-pass, 2025-11-26"
mi/vastai/residual-compare/logs/qwen-math-1.5b.done,export,589,,,keep_forever,open,local-fs,mi-base-vs-sft-divergence,2-logit-lens,C:\Users\spenc\Cursor Repos\vastai-ssh-jupyter-pytorch\persistent\analyses\residual_compare\logs\qwen-math-1.5b.done,"single-pass predecessor to multi-pass, 2025-11-26"
mi/vastai/residual-compare/logs/qwen-math-7b.done,export,571,,,keep_forever,open,local-fs,mi-base-vs-sft-divergence,2-logit-lens,C:\Users\spenc\Cursor Repos\vastai-ssh-jupyter-pytorch\persistent\analyses\residual_compare\logs\qwen-math-7b.done,"single-pass predecessor to multi-pass, 2025-11-26"
mi/vastai/perplexity/physics_A/llama-70b/base/base/logprobs_20251130_030040_llama-70b_base_physics_A.jsonl,wire_payload,678955,,,keep_forever,open,local-fs,mi-perplexity-nll,1-logprob,C:\Users\spenc\Downloads\h200_outputs_perplexity\physics_A\llama-70b\base\base\logprobs_20251130_030040_llama-70b_base_physics_A.jsonl,per-token logprob jsonl; physics_A/B = two prose texts; base vs sft inside each
mi/vastai/perplexity/physics_A/llama-70b/base/base/logprobs_merged.jsonl,wire_payload,678957,,,keep_forever,open,local-fs,mi-perplexity-nll,1-logprob,C:\Users\spenc\Downloads\h200_outputs_perplexity\physics_A\llama-70b\base\base\logprobs_merged.jsonl,per-token logprob jsonl; physics_A/B = two prose texts; base vs sft inside each
mi/vastai/perplexity/physics_A/llama-70b/base/base/run_20251130_030040_llama-70b_base_physics_A.log,wire_payload,8310,,,keep_forever,open,local-fs,mi-perplexity-nll,1-logprob,C:\Users\spenc\Downloads\h200_outputs_perplexity\physics_A\llama-70b\base\base\run_20251130_030040_llama-70b_base_physics_A.log,per-token logprob jsonl; physics_A/B = two prose texts; base vs sft inside each
mi/vastai/perplexity/physics_A/llama-70b/base/base/summary_20251130_030040_llama-70b_base_physics_A.json,wire_payload,305,,,keep_forever,open,local-fs,mi-perplexity-nll,1-logprob,C:\Users\spenc\Downloads\h200_outputs_perplexity\physics_A\llama-70b\base\base\summary_20251130_030040_llama-70b_base_physics_A.json,per-token logprob jsonl; physics_A/B = two prose texts; base vs sft inside each
mi/vastai/perplexity/physics_A/llama-70b/sft/sft/logprobs_20251130_030440_llama-70b_sft_physics_A.jsonl,wire_payload,676915,,,keep_forever,open,local-fs,mi-perplexity-nll,1-logprob,C:\Users\spenc\Downloads\h200_outputs_perplexity\physics_A\llama-70b\sft\sft\logprobs_20251130_030440_llama-70b_sft_physics_A.jsonl,per-token logprob jsonl; physics_A/B = two prose texts; base vs sft inside each
mi/vastai/perplexity/physics_A/llama-70b/sft/sft/logprobs_merged.jsonl,wire_payload,676917,,,keep_forever,open,local-fs,mi-perplexity-nll,1-logprob,C:\Users\spenc\Downloads\h200_outputs_perplexity\physics_A\llama-70b\sft\sft\logprobs_merged.jsonl,per-token logprob jsonl; physics_A/B = two prose texts; base vs sft inside each
mi/vastai/perplexity/physics_A/llama-70b/sft/sft/run_20251130_030440_llama-70b_sft_physics_A.log,wire_payload,8309,,,keep_forever,open,local-fs,mi-perplexity-nll,1-logprob,C:\Users\spenc\Downloads\h200_outputs_perplexity\physics_A\llama-70b\sft\sft\run_20251130_030440_llama-70b_sft_physics_A.log,per-token logprob jsonl; physics_A/B = two prose texts; base vs sft inside each
mi/vastai/perplexity/physics_A/llama-70b/sft/sft/summary_20251130_030440_llama-70b_sft_physics_A.json,wire_payload,312,,,keep_forever,open,local-fs,mi-perplexity-nll,1-logprob,C:\Users\spenc\Downloads\h200_outputs_perplexity\physics_A\llama-70b\sft\sft\summary_20251130_030440_llama-70b_sft_physics_A.json,per-token logprob jsonl; physics_A/B = two prose texts; base vs sft inside each
mi/vastai/perplexity/physics_A/llama-8b/base/base/logprobs_20251130_025901_llama-8b_base_physics_A.jsonl,wire_payload,674707,,,keep_forever,open,local-fs,mi-perplexity-nll,1-logprob,C:\Users\spenc\Downloads\h200_outputs_perplexity\physics_A\llama-8b\base\base\logprobs_20251130_025901_llama-8b_base_physics_A.jsonl,per-token logprob jsonl; physics_A/B = two prose texts; base vs sft inside each
mi/vastai/perplexity/physics_A/llama-8b/base/base/logprobs_merged.jsonl,wire_payload,674709,,,keep_forever,open,local-fs,mi-perplexity-nll,1-logprob,C:\Users\spenc\Downloads\h200_outputs_perplexity\physics_A\llama-8b\base\base\logprobs_merged.jsonl,per-token logprob jsonl; physics_A/B = two prose texts; base vs sft inside each
mi/vastai/perplexity/physics_A/llama-8b/base/base/run_20251130_025901_llama-8b_base_physics_A.log,wire_payload,8309,,,keep_forever,open,local-fs,mi-perplexity-nll,1-logprob,C:\Users\spenc\Downloads\h200_outputs_perplexity\physics_A\llama-8b\base\base\run_20251130_025901_llama-8b_base_physics_A.log,per-token logprob jsonl; physics_A/B = two prose texts; base vs sft inside each
mi/vastai/perplexity/physics_A/llama-8b/base/base/summary_20251130_025901_llama-8b_base_physics_A.json,wire_payload,303,,,keep_forever,open,local-fs,mi-perplexity-nll,1-logprob,C:\Users\spenc\Downloads\h200_outputs_perplexity\physics_A\llama-8b\base\base\summary_20251130_025901_llama-8b_base_physics_A.json,per-token logprob jsonl; physics_A/B = two prose texts; base vs sft inside each
mi/vastai/perplexity/physics_A/llama-8b/sft/sft/logprobs_20251130_025952_llama-8b_sft_physics_A.jsonl,wire_payload,673807,,,keep_forever,open,local-fs,mi-perplexity-nll,1-logprob,C:\Users\spenc\Downloads\h200_outputs_perplexity\physics_A\llama-8b\sft\sft\logprobs_20251130_025952_llama-8b_sft_physics_A.jsonl,per-token logprob jsonl; physics_A/B = two prose texts; base vs sft inside each
mi/vastai/perplexity/physics_A/llama-8b/sft/sft/logprobs_merged.jsonl,wire_payload,673809,,,keep_forever,open,local-fs,mi-perplexity-nll,1-logprob,C:\Users\spenc\Downloads\h200_outputs_perplexity\physics_A\llama-8b\sft\sft\logprobs_merged.jsonl,per-token logprob jsonl; physics_A/B = two prose texts; base vs sft inside each
mi/vastai/perplexity/physics_A/llama-8b/sft/sft/run_20251130_025952_llama-8b_sft_physics_A.log,wire_payload,8308,,,keep_forever,open,local-fs,mi-perplexity-nll,1-logprob,C:\Users\spenc\Downloads\h200_outputs_perplexity\physics_A\llama-8b\sft\sft\run_20251130_025952_llama-8b_sft_physics_A.log,per-token logprob jsonl; physics_A/B = two prose texts; base vs sft inside each
mi/vastai/perplexity/physics_A/llama-8b/sft/sft/summary_20251130_025952_llama-8b_sft_physics_A.json,wire_payload,310,,,keep_forever,open,local-fs,mi-perplexity-nll,1-logprob,C:\Users\spenc\Downloads\h200_outputs_perplexity\physics_A\llama-8b\sft\sft\summary_20251130_025952_llama-8b_sft_physics_A.json,per-token logprob jsonl; physics_A/B = two prose texts; base vs sft inside each
mi/vastai/perplexity/physics_A/mistral-8b/base/base/logprobs_20251130_030832_mistral-8b_base_physics_A.jsonl,wire_payload,679053,,,keep_forever,open,local-fs,mi-perplexity-nll,1-logprob,C:\Users\spenc\Downloads\h200_outputs_perplexity\physics_A\mistral-8b\base\base\logprobs_20251130_030832_mistral-8b_base_physics_A.jsonl,per-token logprob jsonl; physics_A/B = two prose texts; base vs sft inside each
mi/vastai/perplexity/physics_A/mistral-8b/base/base/logprobs_merged.jsonl,wire_payload,679055,,,keep_forever,open,local-fs,mi-perplexity-nll,1-logprob,C:\Users\spenc\Downloads\h200_outputs_perplexity\physics_A\mistral-8b\base\base\logprobs_merged.jsonl,per-token logprob jsonl; physics_A/B = two prose texts; base vs sft inside each
mi/vastai/perplexity/physics_A/mistral-8b/base/base/run_20251130_030832_mistral-8b_base_physics_A.log,wire_payload,8311,,,keep_forever,open,local-fs,mi-perplexity-nll,1-logprob,C:\Users\spenc\Downloads\h200_outputs_perplexity\physics_A\mistral-8b\base\base\run_20251130_030832_mistral-8b_base_physics_A.log,per-token logprob jsonl; physics_A/B = two prose texts; base vs sft inside each
mi/vastai/perplexity/physics_A/mistral-8b/base/base/summary_20251130_030832_mistral-8b_base_physics_A.json,wire_payload,319,,,keep_forever,open,local-fs,mi-perplexity-nll,1-logprob,C:\Users\spenc\Downloads\h200_outputs_perplexity\physics_A\mistral-8b\base\base\summary_20251130_030832_mistral-8b_base_physics_A.json,per-token logprob jsonl; physics_A/B = two prose texts; base vs sft inside each
mi/vastai/perplexity/physics_A/mistral-8b/sft/sft/logprobs_20251130_030929_mistral-8b_sft_physics_A.jsonl,wire_payload,681927,,,keep_forever,open,local-fs,mi-perplexity-nll,1-logprob,C:\Users\spenc\Downloads\h200_outputs_perplexity\physics_A\mistral-8b\sft\sft\logprobs_20251130_030929_mistral-8b_sft_physics_A.jsonl,per-token logprob jsonl; physics_A/B = two prose texts; base vs sft inside each
mi/vastai/perplexity/physics_A/mistral-8b/sft/sft/logprobs_merged.jsonl,wire_payload,681929,,,keep_forever,open,local-fs,mi-perplexity-nll,1-logprob,C:\Users\spenc\Downloads\h200_outputs_perplexity\physics_A\mistral-8b\sft\sft\logprobs_merged.jsonl,per-token logprob jsonl; physics_A/B = two prose texts; base vs sft inside each
mi/vastai/perplexity/physics_A/mistral-8b/sft/sft/run_20251130_030929_mistral-8b_sft_physics_A.log,wire_payload,8310,,,keep_forever,open,local-fs,mi-perplexity-nll,1-logprob,C:\Users\spenc\Downloads\h200_outputs_perplexity\physics_A\mistral-8b\sft\sft\run_20251130_030929_mistral-8b_sft_physics_A.log,per-token logprob jsonl; physics_A/B = two prose texts; base vs sft inside each
mi/vastai/perplexity/physics_A/mistral-8b/sft/sft/summary_20251130_030929_mistral-8b_sft_physics_A.json,wire_payload,320,,,keep_forever,open,local-fs,mi-perplexity-nll,1-logprob,C:\Users\spenc\Downloads\h200_outputs_perplexity\physics_A\mistral-8b\sft\sft\summary_20251130_030929_mistral-8b_sft_physics_A.json,per-token logprob jsonl; physics_A/B = two prose texts; base vs sft inside each
mi/vastai/perplexity/physics_A/qwen-0_5b/base/base/logprobs_20251130_013913_qwen-0_5b_base_physics_A.jsonl,wire_payload,751082,,,keep_forever,open,local-fs,mi-perplexity-nll,1-logprob,C:\Users\spenc\Downloads\h200_outputs_perplexity\physics_A\qwen-0_5b\base\base\logprobs_20251130_013913_qwen-0_5b_base_physics_A.jsonl,per-token logprob jsonl; physics_A/B = two prose texts; base vs sft inside each
mi/vastai/perplexity/physics_A/qwen-0_5b/base/base/logprobs_20251130_014535_qwen-0_5b_base_physics_A.jsonl,wire_payload,751182,,,keep_forever,open,local-fs,mi-perplexity-nll,1-logprob,C:\Users\spenc\Downloads\h200_outputs_perplexity\physics_A\qwen-0_5b\base\base\logprobs_20251130_014535_qwen-0_5b_base_physics_A.jsonl,per-token logprob jsonl; physics_A/B = two prose texts; base vs sft inside each
mi/vastai/perplexity/physics_A/qwen-0_5b/base/base/logprobs_20251130_015425_qwen-0_5b_base_physics_A.jsonl,wire_payload,751082,,,keep_forever,open,local-fs,mi-perplexity-nll,1-logprob,C:\Users\spenc\Downloads\h200_outputs_perplexity\physics_A\qwen-0_5b\base\base\logprobs_20251130_015425_qwen-0_5b_base_physics_A.jsonl,per-token logprob jsonl; physics_A/B = two prose texts; base vs sft inside each
mi/vastai/perplexity/physics_A/qwen-0_5b/base/base/logprobs_merged.jsonl,wire_payload,751182,,,keep_forever,open,local-fs,mi-perplexity-nll,1-logprob,C:\Users\spenc\Downloads\h200_outputs_perplexity\physics_A\qwen-0_5b\base\base\logprobs_merged.jsonl,per-token logprob jsonl; physics_A/B = two prose texts; base vs sft inside each
mi/vastai/perplexity/physics_A/qwen-0_5b/base/base/logprobs_test_fix.jsonl,wire_payload,751182,,,keep_forever,open,local-fs,mi-perplexity-nll,1-logprob,C:\Users\spenc\Downloads\h200_outputs_perplexity\physics_A\qwen-0_5b\base\base\logprobs_test_fix.jsonl,per-token logprob jsonl; physics_A/B = two prose texts; base vs sft inside each
mi/vastai/perplexity/physics_A/qwen-0_5b/base/base/run_20251130_013913_qwen-0_5b_base_physics_A.log,wire_payload,8209,,,keep_forever,open,local-fs,mi-perplexity-nll,1-logprob,C:\Users\spenc\Downloads\h200_outputs_perplexity\physics_A\qwen-0_5b\base\base\run_20251130_013913_qwen-0_5b_base_physics_A.log,per-token logprob jsonl; physics_A/B = two prose texts; base vs sft inside each
mi/vastai/perplexity/physics_A/qwen-0_5b/base/base/run_20251130_014535_qwen-0_5b_base_physics_A.log,wire_payload,8310,,,keep_forever,open,local-fs,mi-perplexity-nll,1-logprob,C:\Users\spenc\Downloads\h200_outputs_perplexity\physics_A\qwen-0_5b\base\base\run_20251130_014535_qwen-0_5b_base_physics_A.log,per-token logprob jsonl; physics_A/B = two prose texts; base vs sft inside each
mi/vastai/perplexity/physics_A/qwen-0_5b/base/base/run_20251130_015425_qwen-0_5b_base_physics_A.log,wire_payload,8209,,,keep_forever,open,local-fs,mi-perplexity-nll,1-logprob,C:\Users\spenc\Downloads\h200_outputs_perplexity\physics_A\qwen-0_5b\base\base\run_20251130_015425_qwen-0_5b_base_physics_A.log,per-token logprob jsonl; physics_A/B = two prose texts; base vs sft inside each
mi/vastai/perplexity/physics_A/qwen-0_5b/base/base/run_test_fix.log,wire_payload,8177,,,keep_forever,open,local-fs,mi-perplexity-nll,1-logprob,C:\Users\spenc\Downloads\h200_outputs_perplexity\physics_A\qwen-0_5b\base\base\run_test_fix.log,per-token logprob jsonl; physics_A/B = two prose texts; base vs sft inside each
mi/vastai/perplexity/physics_A/qwen-0_5b/base/base/summary_20251130_013913_qwen-0_5b_base_physics_A.json,wire_payload,299,,,keep_forever,open,local-fs,mi-perplexity-nll,1-logprob,C:\Users\spenc\Downloads\h200_outputs_perplexity\physics_A\qwen-0_5b\base\base\summary_20251130_013913_qwen-0_5b_base_physics_A.json,per-token logprob jsonl; physics_A/B = two prose texts; base vs sft inside each
mi/vastai/perplexity/physics_A/qwen-0_5b/base/base/summary_20251130_014535_qwen-0_5b_base_physics_A.json,wire_payload,298,,,keep_forever,open,local-fs,mi-perplexity-nll,1-logprob,C:\Users\spenc\Downloads\h200_outputs_perplexity\physics_A\qwen-0_5b\base\base\summary_20251130_014535_qwen-0_5b_base_physics_A.json,per-token logprob jsonl; physics_A/B = two prose texts; base vs sft inside each
mi/vastai/perplexity/physics_A/qwen-0_5b/base/base/summary_20251130_015425_qwen-0_5b_base_physics_A.json,wire_payload,298,,,keep_forever,open,local-fs,mi-perplexity-nll,1-logprob,C:\Users\spenc\Downloads\h200_outputs_perplexity\physics_A\qwen-0_5b\base\base\summary_20251130_015425_qwen-0_5b_base_physics_A.json,per-token logprob jsonl; physics_A/B = two prose texts; base vs sft inside each
mi/vastai/perplexity/physics_A/qwen-0_5b/base/base/summary_test_fix.json,wire_payload,267,,,keep_forever,open,local-fs,mi-perplexity-nll,1-logprob,C:\Users\spenc\Downloads\h200_outputs_perplexity\physics_A\qwen-0_5b\base\base\summary_test_fix.json,per-token logprob jsonl; physics_A/B = two prose texts; base vs sft inside each
mi/vastai/perplexity/physics_A/qwen-0_5b/sft/sft/logprobs_20251130_015458_qwen-0_5b_sft_physics_A.jsonl,wire_payload,751815,,,keep_forever,open,local-fs,mi-perplexity-nll,1-logprob,C:\Users\spenc\Downloads\h200_outputs_perplexity\physics_A\qwen-0_5b\sft\sft\logprobs_20251130_015458_qwen-0_5b_sft_physics_A.jsonl,per-token logprob jsonl; physics_A/B = two prose texts; base vs sft inside each
mi/vastai/perplexity/physics_A/qwen-0_5b/sft/sft/logprobs_merged.jsonl,wire_payload,751915,,,keep_forever,open,local-fs,mi-perplexity-nll,1-logprob,C:\Users\spenc\Downloads\h200_outputs_perplexity\physics_A\qwen-0_5b\sft\sft\logprobs_merged.jsonl,per-token logprob jsonl; physics_A/B = two prose texts; base vs sft inside each
mi/vastai/perplexity/physics_A/qwen-0_5b/sft/sft/run_20251130_015458_qwen-0_5b_sft_physics_A.log,wire_payload,8208,,,keep_forever,open,local-fs,mi-perplexity-nll,1-logprob,C:\Users\spenc\Downloads\h200_outputs_perplexity\physics_A\qwen-0_5b\sft\sft\run_20251130_015458_qwen-0_5b_sft_physics_A.log,per-token logprob jsonl; physics_A/B = two prose texts; base vs sft inside each
mi/vastai/perplexity/physics_A/qwen-0_5b/sft/sft/summary_20251130_015458_qwen-0_5b_sft_physics_A.json,wire_payload,306,,,keep_forever,open,local-fs,mi-perplexity-nll,1-logprob,C:\Users\spenc\Downloads\h200_outputs_perplexity\physics_A\qwen-0_5b\sft\sft\summary_20251130_015458_qwen-0_5b_sft_physics_A.json,per-token logprob jsonl; physics_A/B = two prose texts; base vs sft inside each
mi/vastai/perplexity/physics_A/qwen-14b/base/base/logprobs_20251130_015949_qwen-14b_base_physics_A.jsonl,wire_payload,680573,,,keep_forever,open,local-fs,mi-perplexity-nll,1-logprob,C:\Users\spenc\Downloads\h200_outputs_perplexity\physics_A\qwen-14b\base\base\logprobs_20251130_015949_qwen-14b_base_physics_A.jsonl,per-token logprob jsonl; physics_A/B = two prose texts; base vs sft inside each
mi/vastai/perplexity/physics_A/qwen-14b/base/base/logprobs_merged.jsonl,wire_payload,680673,,,keep_forever,open,local-fs,mi-perplexity-nll,1-logprob,C:\Users\spenc\Downloads\h200_outputs_perplexity\physics_A\qwen-14b\base\base\logprobs_merged.jsonl,per-token logprob jsonl; physics_A/B = two prose texts; base vs sft inside each
mi/vastai/perplexity/physics_A/qwen-14b/base/base/run_20251130_015949_qwen-14b_base_physics_A.log,wire_payload,8208,,,keep_forever,open,local-fs,mi-perplexity-nll,1-logprob,C:\Users\spenc\Downloads\h200_outputs_perplexity\physics_A\qwen-14b\base\base\run_20251130_015949_qwen-14b_base_physics_A.log,per-token logprob jsonl; physics_A/B = two prose texts; base vs sft inside each
mi/vastai/perplexity/physics_A/qwen-14b/base/base/summary_20251130_015949_qwen-14b_base_physics_A.json,wire_payload,296,,,keep_forever,open,local-fs,mi-perplexity-nll,1-logprob,C:\Users\spenc\Downloads\h200_outputs_perplexity\physics_A\qwen-14b\base\base\summary_20251130_015949_qwen-14b_base_physics_A.json,per-token logprob jsonl; physics_A/B = two prose texts; base vs sft inside each
mi/vastai/perplexity/physics_A/qwen-14b/sft/sft/logprobs_20251130_020057_qwen-14b_sft_physics_A.jsonl,wire_payload,683102,,,keep_forever,open,local-fs,mi-perplexity-nll,1-logprob,C:\Users\spenc\Downloads\h200_outputs_perplexity\physics_A\qwen-14b\sft\sft\logprobs_20251130_020057_qwen-14b_sft_physics_A.jsonl,per-token logprob jsonl; physics_A/B = two prose texts; base vs sft inside each
mi/vastai/perplexity/physics_A/qwen-14b/sft/sft/logprobs_merged.jsonl,wire_payload,683202,,,keep_forever,open,local-fs,mi-perplexity-nll,1-logprob,C:\Users\spenc\Downloads\h200_outputs_perplexity\physics_A\qwen-14b\sft\sft\logprobs_merged.jsonl,per-token logprob jsonl; physics_A/B = two prose texts; base vs sft inside each
mi/vastai/perplexity/physics_A/qwen-14b/sft/sft/run_20251130_020057_qwen-14b_sft_physics_A.log,wire_payload,8207,,,keep_forever,open,local-fs,mi-perplexity-nll,1-logprob,C:\Users\spenc\Downloads\h200_outputs_perplexity\physics_A\qwen-14b\sft\sft\run_20251130_020057_qwen-14b_sft_physics_A.log,per-token logprob jsonl; physics_A/B = two prose texts; base vs sft inside each
mi/vastai/perplexity/physics_A/qwen-14b/sft/sft/summary_20251130_020057_qwen-14b_sft_physics_A.json,wire_payload,303,,,keep_forever,open,local-fs,mi-perplexity-nll,1-logprob,C:\Users\spenc\Downloads\h200_outputs_perplexity\physics_A\qwen-14b\sft\sft\summary_20251130_020057_qwen-14b_sft_physics_A.json,per-token logprob jsonl; physics_A/B = two prose texts; base vs sft inside each
mi/vastai/perplexity/physics_A/qwen-1_5b/base/base/logprobs_20251130_015529_qwen-1_5b_base_physics_A.jsonl,wire_payload,757406,,,keep_forever,open,local-fs,mi-perplexity-nll,1-logprob,C:\Users\spenc\Downloads\h200_outputs_perplexity\physics_A\qwen-1_5b\base\base\logprobs_20251130_015529_qwen-1_5b_base_physics_A.jsonl,per-token logprob jsonl; physics_A/B = two prose texts; base vs sft inside each
mi/vastai/perplexity/physics_A/qwen-1_5b/base/base/logprobs_merged.jsonl,wire_payload,757506,,,keep_forever,open,local-fs,mi-perplexity-nll,1-logprob,C:\Users\spenc\Downloads\h200_outputs_perplexity\physics_A\qwen-1_5b\base\base\logprobs_merged.jsonl,per-token logprob jsonl; physics_A/B = two prose texts; base vs sft inside each
mi/vastai/perplexity/physics_A/qwen-1_5b/base/base/run_20251130_015529_qwen-1_5b_base_physics_A.log,wire_payload,8209,,,keep_forever,open,local-fs,mi-perplexity-nll,1-logprob,C:\Users\spenc\Downloads\h200_outputs_perplexity\physics_A\qwen-1_5b\base\base\run_20251130_015529_qwen-1_5b_base_physics_A.log,per-token logprob jsonl; physics_A/B = two prose texts; base vs sft inside each
mi/vastai/perplexity/physics_A/qwen-1_5b/base/base/summary_20251130_015529_qwen-1_5b_base_physics_A.json,wire_payload,299,,,keep_forever,open,local-fs,mi-perplexity-nll,1-logprob,C:\Users\spenc\Downloads\h200_outputs_perplexity\physics_A\qwen-1_5b\base\base\summary_20251130_015529_qwen-1_5b_base_physics_A.json,per-token logprob jsonl; physics_A/B = two prose texts; base vs sft inside each
mi/vastai/perplexity/physics_A/qwen-1_5b/sft/sft/logprobs_20251130_015607_qwen-1_5b_sft_physics_A.jsonl,wire_payload,758481,,,keep_forever,open,local-fs,mi-perplexity-nll,1-logprob,C:\Users\spenc\Downloads\h200_outputs_perplexity\physics_A\qwen-1_5b\sft\sft\logprobs_20251130_015607_qwen-1_5b_sft_physics_A.jsonl,per-token logprob jsonl; physics_A/B = two prose texts; base vs sft inside each
mi/vastai/perplexity/physics_A/qwen-1_5b/sft/sft/logprobs_merged.jsonl,wire_payload,758581,,,keep_forever,open,local-fs,mi-perplexity-nll,1-logprob,C:\Users\spenc\Downloads\h200_outputs_perplexity\physics_A\qwen-1_5b\sft\sft\logprobs_merged.jsonl,per-token logprob jsonl; physics_A/B = two prose texts; base vs sft inside each
mi/vastai/perplexity/physics_A/qwen-1_5b/sft/sft/run_20251130_015607_qwen-1_5b_sft_physics_A.log,wire_payload,8208,,,keep_forever,open,local-fs,mi-perplexity-nll,1-logprob,C:\Users\spenc\Downloads\h200_outputs_perplexity\physics_A\qwen-1_5b\sft\sft\run_20251130_015607_qwen-1_5b_sft_physics_A.log,per-token logprob jsonl; physics_A/B = two prose texts; base vs sft inside each
mi/vastai/perplexity/physics_A/qwen-1_5b/sft/sft/summary_20251130_015607_qwen-1_5b_sft_physics_A.json,wire_payload,306,,,keep_forever,open,local-fs,mi-perplexity-nll,1-logprob,C:\Users\spenc\Downloads\h200_outputs_perplexity\physics_A\qwen-1_5b\sft\sft\summary_20251130_015607_qwen-1_5b_sft_physics_A.json,per-token logprob jsonl; physics_A/B = two prose texts; base vs sft inside each
mi/vastai/perplexity/physics_A/qwen-32b/base/base/logprobs_20251130_020205_qwen-32b_base_physics_A.jsonl,wire_payload,681818,,,keep_forever,open,local-fs,mi-perplexity-nll,1-logprob,C:\Users\spenc\Downloads\h200_outputs_perplexity\physics_A\qwen-32b\base\base\logprobs_20251130_020205_qwen-32b_base_physics_A.jsonl,per-token logprob jsonl; physics_A/B = two prose texts; base vs sft inside each
mi/vastai/perplexity/physics_A/qwen-32b/base/base/logprobs_merged.jsonl,wire_payload,681918,,,keep_forever,open,local-fs,mi-perplexity-nll,1-logprob,C:\Users\spenc\Downloads\h200_outputs_perplexity\physics_A\qwen-32b\base\base\logprobs_merged.jsonl,per-token logprob jsonl; physics_A/B = two prose texts; base vs sft inside each
mi/vastai/perplexity/physics_A/qwen-32b/base/base/run_20251130_020205_qwen-32b_base_physics_A.log,wire_payload,8208,,,keep_forever,open,local-fs,mi-perplexity-nll,1-logprob,C:\Users\spenc\Downloads\h200_outputs_perplexity\physics_A\qwen-32b\base\base\run_20251130_020205_qwen-32b_base_physics_A.log,per-token logprob jsonl; physics_A/B = two prose texts; base vs sft inside each
mi/vastai/perplexity/physics_A/qwen-32b/base/base/summary_20251130_020205_qwen-32b_base_physics_A.json,wire_payload,296,,,keep_forever,open,local-fs,mi-perplexity-nll,1-logprob,C:\Users\spenc\Downloads\h200_outputs_perplexity\physics_A\qwen-32b\base\base\summary_20251130_020205_qwen-32b_base_physics_A.json,per-token logprob jsonl; physics_A/B = two prose texts; base vs sft inside each
mi/vastai/perplexity/physics_A/qwen-32b/sft/sft/logprobs_20251130_020358_qwen-32b_sft_physics_A.jsonl,wire_payload,684236,,,keep_forever,open,local-fs,mi-perplexity-nll,1-logprob,C:\Users\spenc\Downloads\h200_outputs_perplexity\physics_A\qwen-32b\sft\sft\logprobs_20251130_020358_qwen-32b_sft_physics_A.jsonl,per-token logprob jsonl; physics_A/B = two prose texts; base vs sft inside each
mi/vastai/perplexity/physics_A/qwen-32b/sft/sft/logprobs_merged.jsonl,wire_payload,684336,,,keep_forever,open,local-fs,mi-perplexity-nll,1-logprob,C:\Users\spenc\Downloads\h200_outputs_perplexity\physics_A\qwen-32b\sft\sft\logprobs_merged.jsonl,per-token logprob jsonl; physics_A/B = two prose texts; base vs sft inside each
mi/vastai/perplexity/physics_A/qwen-32b/sft/sft/run_20251130_020358_qwen-32b_sft_physics_A.log,wire_payload,8207,,,keep_forever,open,local-fs,mi-perplexity-nll,1-logprob,C:\Users\spenc\Downloads\h200_outputs_perplexity\physics_A\qwen-32b\sft\sft\run_20251130_020358_qwen-32b_sft_physics_A.log,per-token logprob jsonl; physics_A/B = two prose texts; base vs sft inside each
mi/vastai/perplexity/physics_A/qwen-32b/sft/sft/summary_20251130_020358_qwen-32b_sft_physics_A.json,wire_payload,303,,,keep_forever,open,local-fs,mi-perplexity-nll,1-logprob,C:\Users\spenc\Downloads\h200_outputs_perplexity\physics_A\qwen-32b\sft\sft\summary_20251130_020358_qwen-32b_sft_physics_A.json,per-token logprob jsonl; physics_A/B = two prose texts; base vs sft inside each
mi/vastai/perplexity/physics_A/qwen-3b/base/base/logprobs_20251130_015643_qwen-3b_base_physics_A.jsonl,wire_payload,759360,,,keep_forever,open,local-fs,mi-perplexity-nll,1-logprob,C:\Users\spenc\Downloads\h200_outputs_perplexity\physics_A\qwen-3b\base\base\logprobs_20251130_015643_qwen-3b_base_physics_A.jsonl,per-token logprob jsonl; physics_A/B = two prose texts; base vs sft inside each
mi/vastai/perplexity/physics_A/qwen-3b/base/base/logprobs_merged.jsonl,wire_payload,759460,,,keep_forever,open,local-fs,mi-perplexity-nll,1-logprob,C:\Users\spenc\Downloads\h200_outputs_perplexity\physics_A\qwen-3b\base\base\logprobs_merged.jsonl,per-token logprob jsonl; physics_A/B = two prose texts; base vs sft inside each
mi/vastai/perplexity/physics_A/qwen-3b/base/base/run_20251130_015643_qwen-3b_base_physics_A.log,wire_payload,8207,,,keep_forever,open,local-fs,mi-perplexity-nll,1-logprob,C:\Users\spenc\Downloads\h200_outputs_perplexity\physics_A\qwen-3b\base\base\run_20251130_015643_qwen-3b_base_physics_A.log,per-token logprob jsonl; physics_A/B = two prose texts; base vs sft inside each
mi/vastai/perplexity/physics_A/qwen-3b/base/base/summary_20251130_015643_qwen-3b_base_physics_A.json,wire_payload,295,,,keep_forever,open,local-fs,mi-perplexity-nll,1-logprob,C:\Users\spenc\Downloads\h200_outputs_perplexity\physics_A\qwen-3b\base\base\summary_20251130_015643_qwen-3b_base_physics_A.json,per-token logprob jsonl; physics_A/B = two prose texts; base vs sft inside each
mi/vastai/perplexity/physics_A/qwen-3b/sft/sft/logprobs_20251130_015728_qwen-3b_sft_physics_A.jsonl,wire_payload,761352,,,keep_forever,open,local-fs,mi-perplexity-nll,1-logprob,C:\Users\spenc\Downloads\h200_outputs_perplexity\physics_A\qwen-3b\sft\sft\logprobs_20251130_015728_qwen-3b_sft_physics_A.jsonl,per-token logprob jsonl; physics_A/B = two prose texts; base vs sft inside each
mi/vastai/perplexity/physics_A/qwen-3b/sft/sft/logprobs_merged.jsonl,wire_payload,761452,,,keep_forever,open,local-fs,mi-perplexity-nll,1-logprob,C:\Users\spenc\Downloads\h200_outputs_perplexity\physics_A\qwen-3b\sft\sft\logprobs_merged.jsonl,per-token logprob jsonl; physics_A/B = two prose texts; base vs sft inside each
mi/vastai/perplexity/physics_A/qwen-3b/sft/sft/run_20251130_015728_qwen-3b_sft_physics_A.log,wire_payload,8206,,,keep_forever,open,local-fs,mi-perplexity-nll,1-logprob,C:\Users\spenc\Downloads\h200_outputs_perplexity\physics_A\qwen-3b\sft\sft\run_20251130_015728_qwen-3b_sft_physics_A.log,per-token logprob jsonl; physics_A/B = two prose texts; base vs sft inside each
mi/vastai/perplexity/physics_A/qwen-3b/sft/sft/summary_20251130_015728_qwen-3b_sft_physics_A.json,wire_payload,301,,,keep_forever,open,local-fs,mi-perplexity-nll,1-logprob,C:\Users\spenc\Downloads\h200_outputs_perplexity\physics_A\qwen-3b\sft\sft\summary_20251130_015728_qwen-3b_sft_physics_A.json,per-token logprob jsonl; physics_A/B = two prose texts; base vs sft inside each
mi/vastai/perplexity/physics_A/qwen-72b/base/base/logprobs_20251130_020552_qwen-72b_base_physics_A.jsonl,wire_payload,685605,,,keep_forever,open,local-fs,mi-perplexity-nll,1-logprob,C:\Users\spenc\Downloads\h200_outputs_perplexity\physics_A\qwen-72b\base\base\logprobs_20251130_020552_qwen-72b_base_physics_A.jsonl,per-token logprob jsonl; physics_A/B = two prose texts; base vs sft inside each
mi/vastai/perplexity/physics_A/qwen-72b/base/base/logprobs_merged.jsonl,wire_payload,685705,,,keep_forever,open,local-fs,mi-perplexity-nll,1-logprob,C:\Users\spenc\Downloads\h200_outputs_perplexity\physics_A\qwen-72b\base\base\logprobs_merged.jsonl,per-token logprob jsonl; physics_A/B = two prose texts; base vs sft inside each
mi/vastai/perplexity/physics_A/qwen-72b/base/base/run_20251130_020552_qwen-72b_base_physics_A.log,wire_payload,8208,,,keep_forever,open,local-fs,mi-perplexity-nll,1-logprob,C:\Users\spenc\Downloads\h200_outputs_perplexity\physics_A\qwen-72b\base\base\run_20251130_020552_qwen-72b_base_physics_A.log,per-token logprob jsonl; physics_A/B = two prose texts; base vs sft inside each
mi/vastai/perplexity/physics_A/qwen-72b/base/base/summary_20251130_020552_qwen-72b_base_physics_A.json,wire_payload,296,,,keep_forever,open,local-fs,mi-perplexity-nll,1-logprob,C:\Users\spenc\Downloads\h200_outputs_perplexity\physics_A\qwen-72b\base\base\summary_20251130_020552_qwen-72b_base_physics_A.json,per-token logprob jsonl; physics_A/B = two prose texts; base vs sft inside each
mi/vastai/perplexity/physics_A/qwen-72b/sft/sft/logprobs_20251130_020930_qwen-72b_sft_physics_A.jsonl,wire_payload,689111,,,keep_forever,open,local-fs,mi-perplexity-nll,1-logprob,C:\Users\spenc\Downloads\h200_outputs_perplexity\physics_A\qwen-72b\sft\sft\logprobs_20251130_020930_qwen-72b_sft_physics_A.jsonl,per-token logprob jsonl; physics_A/B = two prose texts; base vs sft inside each
mi/vastai/perplexity/physics_A/qwen-72b/sft/sft/logprobs_merged.jsonl,wire_payload,689211,,,keep_forever,open,local-fs,mi-perplexity-nll,1-logprob,C:\Users\spenc\Downloads\h200_outputs_perplexity\physics_A\qwen-72b\sft\sft\logprobs_merged.jsonl,per-token logprob jsonl; physics_A/B = two prose texts; base vs sft inside each
mi/vastai/perplexity/physics_A/qwen-72b/sft/sft/run_20251130_020930_qwen-72b_sft_physics_A.log,wire_payload,8207,,,keep_forever,open,local-fs,mi-perplexity-nll,1-logprob,C:\Users\spenc\Downloads\h200_outputs_perplexity\physics_A\qwen-72b\sft\sft\run_20251130_020930_qwen-72b_sft_physics_A.log,per-token logprob jsonl; physics_A/B = two prose texts; base vs sft inside each
mi/vastai/perplexity/physics_A/qwen-72b/sft/sft/summary_20251130_020930_qwen-72b_sft_physics_A.json,wire_payload,303,,,keep_forever,open,local-fs,mi-perplexity-nll,1-logprob,C:\Users\spenc\Downloads\h200_outputs_perplexity\physics_A\qwen-72b\sft\sft\summary_20251130_020930_qwen-72b_sft_physics_A.json,per-token logprob jsonl; physics_A/B = two prose texts; base vs sft inside each
mi/vastai/perplexity/physics_A/qwen-7b/base/base/logprobs_20251130_015811_qwen-7b_base_physics_A.jsonl,wire_payload,678462,,,keep_forever,open,local-fs,mi-perplexity-nll,1-logprob,C:\Users\spenc\Downloads\h200_outputs_perplexity\physics_A\qwen-7b\base\base\logprobs_20251130_015811_qwen-7b_base_physics_A.jsonl,per-token logprob jsonl; physics_A/B = two prose texts; base vs sft inside each
mi/vastai/perplexity/physics_A/qwen-7b/base/base/logprobs_merged.jsonl,wire_payload,678562,,,keep_forever,open,local-fs,mi-perplexity-nll,1-logprob,C:\Users\spenc\Downloads\h200_outputs_perplexity\physics_A\qwen-7b\base\base\logprobs_merged.jsonl,per-token logprob jsonl; physics_A/B = two prose texts; base vs sft inside each
mi/vastai/perplexity/physics_A/qwen-7b/base/base/run_20251130_015811_qwen-7b_base_physics_A.log,wire_payload,8207,,,keep_forever,open,local-fs,mi-perplexity-nll,1-logprob,C:\Users\spenc\Downloads\h200_outputs_perplexity\physics_A\qwen-7b\base\base\run_20251130_015811_qwen-7b_base_physics_A.log,per-token logprob jsonl; physics_A/B = two prose texts; base vs sft inside each
mi/vastai/perplexity/physics_A/qwen-7b/base/base/summary_20251130_015811_qwen-7b_base_physics_A.json,wire_payload,294,,,keep_forever,open,local-fs,mi-perplexity-nll,1-logprob,C:\Users\spenc\Downloads\h200_outputs_perplexity\physics_A\qwen-7b\base\base\summary_20251130_015811_qwen-7b_base_physics_A.json,per-token logprob jsonl; physics_A/B = two prose texts; base vs sft inside each
mi/vastai/perplexity/physics_A/qwen-7b/sft/sft/logprobs_20251130_015900_qwen-7b_sft_physics_A.jsonl,wire_payload,682780,,,keep_forever,open,local-fs,mi-perplexity-nll,1-logprob,C:\Users\spenc\Downloads\h200_outputs_perplexity\physics_A\qwen-7b\sft\sft\logprobs_20251130_015900_qwen-7b_sft_physics_A.jsonl,per-token logprob jsonl; physics_A/B = two prose texts; base vs sft inside each
mi/vastai/perplexity/physics_A/qwen-7b/sft/sft/logprobs_merged.jsonl,wire_payload,682880,,,keep_forever,open,local-fs,mi-perplexity-nll,1-logprob,C:\Users\spenc\Downloads\h200_outputs_perplexity\physics_A\qwen-7b\sft\sft\logprobs_merged.jsonl,per-token logprob jsonl; physics_A/B = two prose texts; base vs sft inside each
mi/vastai/perplexity/physics_A/qwen-7b/sft/sft/run_20251130_015900_qwen-7b_sft_physics_A.log,wire_payload,8206,,,keep_forever,open,local-fs,mi-perplexity-nll,1-logprob,C:\Users\spenc\Downloads\h200_outputs_perplexity\physics_A\qwen-7b\sft\sft\run_20251130_015900_qwen-7b_sft_physics_A.log,per-token logprob jsonl; physics_A/B = two prose texts; base vs sft inside each
mi/vastai/perplexity/physics_A/qwen-7b/sft/sft/summary_20251130_015900_qwen-7b_sft_physics_A.json,wire_payload,302,,,keep_forever,open,local-fs,mi-perplexity-nll,1-logprob,C:\Users\spenc\Downloads\h200_outputs_perplexity\physics_A\qwen-7b\sft\sft\summary_20251130_015900_qwen-7b_sft_physics_A.json,per-token logprob jsonl; physics_A/B = two prose texts; base vs sft inside each
mi/vastai/perplexity/physics_B/llama-70b/base/base/logprobs_20251130_030354_llama-70b_base_physics_B.jsonl,wire_payload,681340,,,keep_forever,open,local-fs,mi-perplexity-nll,1-logprob,C:\Users\spenc\Downloads\h200_outputs_perplexity\physics_B\llama-70b\base\base\logprobs_20251130_030354_llama-70b_base_physics_B.jsonl,per-token logprob jsonl; physics_A/B = two prose texts; base vs sft inside each
mi/vastai/perplexity/physics_B/llama-70b/base/base/logprobs_merged.jsonl,wire_payload,681342,,,keep_forever,open,local-fs,mi-perplexity-nll,1-logprob,C:\Users\spenc\Downloads\h200_outputs_perplexity\physics_B\llama-70b\base\base\logprobs_merged.jsonl,per-token logprob jsonl; physics_A/B = two prose texts; base vs sft inside each
mi/vastai/perplexity/physics_B/llama-70b/base/base/run_20251130_030354_llama-70b_base_physics_B.log,wire_payload,8310,,,keep_forever,open,local-fs,mi-perplexity-nll,1-logprob,C:\Users\spenc\Downloads\h200_outputs_perplexity\physics_B\llama-70b\base\base\run_20251130_030354_llama-70b_base_physics_B.log,per-token logprob jsonl; physics_A/B = two prose texts; base vs sft inside each
mi/vastai/perplexity/physics_B/llama-70b/base/base/summary_20251130_030354_llama-70b_base_physics_B.json,wire_payload,305,,,keep_forever,open,local-fs,mi-perplexity-nll,1-logprob,C:\Users\spenc\Downloads\h200_outputs_perplexity\physics_B\llama-70b\base\base\summary_20251130_030354_llama-70b_base_physics_B.json,per-token logprob jsonl; physics_A/B = two prose texts; base vs sft inside each
mi/vastai/perplexity/physics_B/llama-70b/sft/sft/logprobs_20251130_030737_llama-70b_sft_physics_B.jsonl,wire_payload,675045,,,keep_forever,open,local-fs,mi-perplexity-nll,1-logprob,C:\Users\spenc\Downloads\h200_outputs_perplexity\physics_B\llama-70b\sft\sft\logprobs_20251130_030737_llama-70b_sft_physics_B.jsonl,per-token logprob jsonl; physics_A/B = two prose texts; base vs sft inside each
mi/vastai/perplexity/physics_B/llama-70b/sft/sft/logprobs_merged.jsonl,wire_payload,675047,,,keep_forever,open,local-fs,mi-perplexity-nll,1-logprob,C:\Users\spenc\Downloads\h200_outputs_perplexity\physics_B\llama-70b\sft\sft\logprobs_merged.jsonl,per-token logprob jsonl; physics_A/B = two prose texts; base vs sft inside each
mi/vastai/perplexity/physics_B/llama-70b/sft/sft/run_20251130_030737_llama-70b_sft_physics_B.log,wire_payload,8309,,,keep_forever,open,local-fs,mi-perplexity-nll,1-logprob,C:\Users\spenc\Downloads\h200_outputs_perplexity\physics_B\llama-70b\sft\sft\run_20251130_030737_llama-70b_sft_physics_B.log,per-token logprob jsonl; physics_A/B = two prose texts; base vs sft inside each
mi/vastai/perplexity/physics_B/llama-70b/sft/sft/summary_20251130_030737_llama-70b_sft_physics_B.json,wire_payload,311,,,keep_forever,open,local-fs,mi-perplexity-nll,1-logprob,C:\Users\spenc\Downloads\h200_outputs_perplexity\physics_B\llama-70b\sft\sft\summary_20251130_030737_llama-70b_sft_physics_B.json,per-token logprob jsonl; physics_A/B = two prose texts; base vs sft inside each
mi/vastai/perplexity/physics_B/llama-8b/base/base/logprobs_20251130_025935_llama-8b_base_physics_B.jsonl,wire_payload,669077,,,keep_forever,open,local-fs,mi-perplexity-nll,1-logprob,C:\Users\spenc\Downloads\h200_outputs_perplexity\physics_B\llama-8b\base\base\logprobs_20251130_025935_llama-8b_base_physics_B.jsonl,per-token logprob jsonl; physics_A/B = two prose texts; base vs sft inside each
mi/vastai/perplexity/physics_B/llama-8b/base/base/logprobs_merged.jsonl,wire_payload,669079,,,keep_forever,open,local-fs,mi-perplexity-nll,1-logprob,C:\Users\spenc\Downloads\h200_outputs_perplexity\physics_B\llama-8b\base\base\logprobs_merged.jsonl,per-token logprob jsonl; physics_A/B = two prose texts; base vs sft inside each
mi/vastai/perplexity/physics_B/llama-8b/base/base/run_20251130_025935_llama-8b_base_physics_B.log,wire_payload,8309,,,keep_forever,open,local-fs,mi-perplexity-nll,1-logprob,C:\Users\spenc\Downloads\h200_outputs_perplexity\physics_B\llama-8b\base\base\run_20251130_025935_llama-8b_base_physics_B.log,per-token logprob jsonl; physics_A/B = two prose texts; base vs sft inside each
mi/vastai/perplexity/physics_B/llama-8b/base/base/summary_20251130_025935_llama-8b_base_physics_B.json,wire_payload,304,,,keep_forever,open,local-fs,mi-perplexity-nll,1-logprob,C:\Users\spenc\Downloads\h200_outputs_perplexity\physics_B\llama-8b\base\base\summary_20251130_025935_llama-8b_base_physics_B.json,per-token logprob jsonl; physics_A/B = two prose texts; base vs sft inside each
mi/vastai/perplexity/physics_B/llama-8b/sft/sft/logprobs_20251130_030023_llama-8b_sft_physics_B.jsonl,wire_payload,669924,,,keep_forever,open,local-fs,mi-perplexity-nll,1-logprob,C:\Users\spenc\Downloads\h200_outputs_perplexity\physics_B\llama-8b\sft\sft\logprobs_20251130_030023_llama-8b_sft_physics_B.jsonl,per-token logprob jsonl; physics_A/B = two prose texts; base vs sft inside each
mi/vastai/perplexity/physics_B/llama-8b/sft/sft/logprobs_merged.jsonl,wire_payload,669926,,,keep_forever,open,local-fs,mi-perplexity-nll,1-logprob,C:\Users\spenc\Downloads\h200_outputs_perplexity\physics_B\llama-8b\sft\sft\logprobs_merged.jsonl,per-token logprob jsonl; physics_A/B = two prose texts; base vs sft inside each
mi/vastai/perplexity/physics_B/llama-8b/sft/sft/run_20251130_030023_llama-8b_sft_physics_B.log,wire_payload,8308,,,keep_forever,open,local-fs,mi-perplexity-nll,1-logprob,C:\Users\spenc\Downloads\h200_outputs_perplexity\physics_B\llama-8b\sft\sft\run_20251130_030023_llama-8b_sft_physics_B.log,per-token logprob jsonl; physics_A/B = two prose texts; base vs sft inside each
mi/vastai/perplexity/physics_B/llama-8b/sft/sft/summary_20251130_030023_llama-8b_sft_physics_B.json,wire_payload,310,,,keep_forever,open,local-fs,mi-perplexity-nll,1-logprob,C:\Users\spenc\Downloads\h200_outputs_perplexity\physics_B\llama-8b\sft\sft\summary_20251130_030023_llama-8b_sft_physics_B.json,per-token logprob jsonl; physics_A/B = two prose texts; base vs sft inside each
mi/vastai/perplexity/physics_B/mistral-8b/base/base/logprobs_20251130_030911_mistral-8b_base_physics_B.jsonl,wire_payload,671189,,,keep_forever,open,local-fs,mi-perplexity-nll,1-logprob,C:\Users\spenc\Downloads\h200_outputs_perplexity\physics_B\mistral-8b\base\base\logprobs_20251130_030911_mistral-8b_base_physics_B.jsonl,per-token logprob jsonl; physics_A/B = two prose texts; base vs sft inside each
mi/vastai/perplexity/physics_B/mistral-8b/base/base/logprobs_merged.jsonl,wire_payload,671191,,,keep_forever,open,local-fs,mi-perplexity-nll,1-logprob,C:\Users\spenc\Downloads\h200_outputs_perplexity\physics_B\mistral-8b\base\base\logprobs_merged.jsonl,per-token logprob jsonl; physics_A/B = two prose texts; base vs sft inside each
mi/vastai/perplexity/physics_B/mistral-8b/base/base/run_20251130_030911_mistral-8b_base_physics_B.log,wire_payload,8311,,,keep_forever,open,local-fs,mi-perplexity-nll,1-logprob,C:\Users\spenc\Downloads\h200_outputs_perplexity\physics_B\mistral-8b\base\base\run_20251130_030911_mistral-8b_base_physics_B.log,per-token logprob jsonl; physics_A/B = two prose texts; base vs sft inside each
mi/vastai/perplexity/physics_B/mistral-8b/base/base/summary_20251130_030911_mistral-8b_base_physics_B.json,wire_payload,318,,,keep_forever,open,local-fs,mi-perplexity-nll,1-logprob,C:\Users\spenc\Downloads\h200_outputs_perplexity\physics_B\mistral-8b\base\base\summary_20251130_030911_mistral-8b_base_physics_B.json,per-token logprob jsonl; physics_A/B = two prose texts; base vs sft inside each
mi/vastai/perplexity/physics_B/mistral-8b/sft/sft/logprobs_20251130_031005_mistral-8b_sft_physics_B.jsonl,wire_payload,675047,,,keep_forever,open,local-fs,mi-perplexity-nll,1-logprob,C:\Users\spenc\Downloads\h200_outputs_perplexity\physics_B\mistral-8b\sft\sft\logprobs_20251130_031005_mistral-8b_sft_physics_B.jsonl,per-token logprob jsonl; physics_A/B = two prose texts; base vs sft inside each
mi/vastai/perplexity/physics_B/mistral-8b/sft/sft/logprobs_merged.jsonl,wire_payload,675049,,,keep_forever,open,local-fs,mi-perplexity-nll,1-logprob,C:\Users\spenc\Downloads\h200_outputs_perplexity\physics_B\mistral-8b\sft\sft\logprobs_merged.jsonl,per-token logprob jsonl; physics_A/B = two prose texts; base vs sft inside each
mi/vastai/perplexity/physics_B/mistral-8b/sft/sft/run_20251130_031005_mistral-8b_sft_physics_B.log,wire_payload,8310,,,keep_forever,open,local-fs,mi-perplexity-nll,1-logprob,C:\Users\spenc\Downloads\h200_outputs_perplexity\physics_B\mistral-8b\sft\sft\run_20251130_031005_mistral-8b_sft_physics_B.log,per-token logprob jsonl; physics_A/B = two prose texts; base vs sft inside each
mi/vastai/perplexity/physics_B/mistral-8b/sft/sft/summary_20251130_031005_mistral-8b_sft_physics_B.json,wire_payload,320,,,keep_forever,open,local-fs,mi-perplexity-nll,1-logprob,C:\Users\spenc\Downloads\h200_outputs_perplexity\physics_B\mistral-8b\sft\sft\summary_20251130_031005_mistral-8b_sft_physics_B.json,per-token logprob jsonl; physics_A/B = two prose texts; base vs sft inside each
mi/vastai/perplexity/physics_B/qwen-0_5b/base/base/logprobs_20251130_015443_qwen-0_5b_base_physics_B.jsonl,wire_payload,743837,,,keep_forever,open,local-fs,mi-perplexity-nll,1-logprob,C:\Users\spenc\Downloads\h200_outputs_perplexity\physics_B\qwen-0_5b\base\base\logprobs_20251130_015443_qwen-0_5b_base_physics_B.jsonl,per-token logprob jsonl; physics_A/B = two prose texts; base vs sft inside each
mi/vastai/perplexity/physics_B/qwen-0_5b/base/base/logprobs_merged.jsonl,wire_payload,743937,,,keep_forever,open,local-fs,mi-perplexity-nll,1-logprob,C:\Users\spenc\Downloads\h200_outputs_perplexity\physics_B\qwen-0_5b\base\base\logprobs_merged.jsonl,per-token logprob jsonl; physics_A/B = two prose texts; base vs sft inside each
mi/vastai/perplexity/physics_B/qwen-0_5b/base/base/run_20251130_015443_qwen-0_5b_base_physics_B.log,wire_payload,8209,,,keep_forever,open,local-fs,mi-perplexity-nll,1-logprob,C:\Users\spenc\Downloads\h200_outputs_perplexity\physics_B\qwen-0_5b\base\base\run_20251130_015443_qwen-0_5b_base_physics_B.log,per-token logprob jsonl; physics_A/B = two prose texts; base vs sft inside each
mi/vastai/perplexity/physics_B/qwen-0_5b/base/base/summary_20251130_015443_qwen-0_5b_base_physics_B.json,wire_payload,298,,,keep_forever,open,local-fs,mi-perplexity-nll,1-logprob,C:\Users\spenc\Downloads\h200_outputs_perplexity\physics_B\qwen-0_5b\base\base\summary_20251130_015443_qwen-0_5b_base_physics_B.json,per-token logprob jsonl; physics_A/B = two prose texts; base vs sft inside each
mi/vastai/perplexity/physics_B/qwen-0_5b/sft/sft/logprobs_20251130_015515_qwen-0_5b_sft_physics_B.jsonl,wire_payload,744677,,,keep_forever,open,local-fs,mi-perplexity-nll,1-logprob,C:\Users\spenc\Downloads\h200_outputs_perplexity\physics_B\qwen-0_5b\sft\sft\logprobs_20251130_015515_qwen-0_5b_sft_physics_B.jsonl,per-token logprob jsonl; physics_A/B = two prose texts; base vs sft inside each
mi/vastai/perplexity/physics_B/qwen-0_5b/sft/sft/logprobs_merged.jsonl,wire_payload,744777,,,keep_forever,open,local-fs,mi-perplexity-nll,1-logprob,C:\Users\spenc\Downloads\h200_outputs_perplexity\physics_B\qwen-0_5b\sft\sft\logprobs_merged.jsonl,per-token logprob jsonl; physics_A/B = two prose texts; base vs sft inside each
mi/vastai/perplexity/physics_B/qwen-0_5b/sft/sft/run_20251130_015515_qwen-0_5b_sft_physics_B.log,wire_payload,8208,,,keep_forever,open,local-fs,mi-perplexity-nll,1-logprob,C:\Users\spenc\Downloads\h200_outputs_perplexity\physics_B\qwen-0_5b\sft\sft\run_20251130_015515_qwen-0_5b_sft_physics_B.log,per-token logprob jsonl; physics_A/B = two prose texts; base vs sft inside each
mi/vastai/perplexity/physics_B/qwen-0_5b/sft/sft/summary_20251130_015515_qwen-0_5b_sft_physics_B.json,wire_payload,306,,,keep_forever,open,local-fs,mi-perplexity-nll,1-logprob,C:\Users\spenc\Downloads\h200_outputs_perplexity\physics_B\qwen-0_5b\sft\sft\summary_20251130_015515_qwen-0_5b_sft_physics_B.json,per-token logprob jsonl; physics_A/B = two prose texts; base vs sft inside each
mi/vastai/perplexity/physics_B/qwen-14b/base/base/logprobs_20251130_020035_qwen-14b_base_physics_B.jsonl,wire_payload,674924,,,keep_forever,open,local-fs,mi-perplexity-nll,1-logprob,C:\Users\spenc\Downloads\h200_outputs_perplexity\physics_B\qwen-14b\base\base\logprobs_20251130_020035_qwen-14b_base_physics_B.jsonl,per-token logprob jsonl; physics_A/B = two prose texts; base vs sft inside each
mi/vastai/perplexity/physics_B/qwen-14b/base/base/logprobs_merged.jsonl,wire_payload,675024,,,keep_forever,open,local-fs,mi-perplexity-nll,1-logprob,C:\Users\spenc\Downloads\h200_outputs_perplexity\physics_B\qwen-14b\base\base\logprobs_merged.jsonl,per-token logprob jsonl; physics_A/B = two prose texts; base vs sft inside each
mi/vastai/perplexity/physics_B/qwen-14b/base/base/run_20251130_020035_qwen-14b_base_physics_B.log,wire_payload,8208,,,keep_forever,open,local-fs,mi-perplexity-nll,1-logprob,C:\Users\spenc\Downloads\h200_outputs_perplexity\physics_B\qwen-14b\base\base\run_20251130_020035_qwen-14b_base_physics_B.log,per-token logprob jsonl; physics_A/B = two prose texts; base vs sft inside each
mi/vastai/perplexity/physics_B/qwen-14b/base/base/summary_20251130_020035_qwen-14b_base_physics_B.json,wire_payload,296,,,keep_forever,open,local-fs,mi-perplexity-nll,1-logprob,C:\Users\spenc\Downloads\h200_outputs_perplexity\physics_B\qwen-14b\base\base\summary_20251130_020035_qwen-14b_base_physics_B.json,per-token logprob jsonl; physics_A/B = two prose texts; base vs sft inside each
mi/vastai/perplexity/physics_B/qwen-14b/sft/sft/logprobs_20251130_020143_qwen-14b_sft_physics_B.jsonl,wire_payload,678566,,,keep_forever,open,local-fs,mi-perplexity-nll,1-logprob,C:\Users\spenc\Downloads\h200_outputs_perplexity\physics_B\qwen-14b\sft\sft\logprobs_20251130_020143_qwen-14b_sft_physics_B.jsonl,per-token logprob jsonl; physics_A/B = two prose texts; base vs sft inside each
mi/vastai/perplexity/physics_B/qwen-14b/sft/sft/logprobs_merged.jsonl,wire_payload,678666,,,keep_forever,open,local-fs,mi-perplexity-nll,1-logprob,C:\Users\spenc\Downloads\h200_outputs_perplexity\physics_B\qwen-14b\sft\sft\logprobs_merged.jsonl,per-token logprob jsonl; physics_A/B = two prose texts; base vs sft inside each
mi/vastai/perplexity/physics_B/qwen-14b/sft/sft/run_20251130_020143_qwen-14b_sft_physics_B.log,wire_payload,8207,,,keep_forever,open,local-fs,mi-perplexity-nll,1-logprob,C:\Users\spenc\Downloads\h200_outputs_perplexity\physics_B\qwen-14b\sft\sft\run_20251130_020143_qwen-14b_sft_physics_B.log,per-token logprob jsonl; physics_A/B = two prose texts; base vs sft inside each
mi/vastai/perplexity/physics_B/qwen-14b/sft/sft/summary_20251130_020143_qwen-14b_sft_physics_B.json,wire_payload,303,,,keep_forever,open,local-fs,mi-perplexity-nll,1-logprob,C:\Users\spenc\Downloads\h200_outputs_perplexity\physics_B\qwen-14b\sft\sft\summary_20251130_020143_qwen-14b_sft_physics_B.json,per-token logprob jsonl; physics_A/B = two prose texts; base vs sft inside each
mi/vastai/perplexity/physics_B/qwen-1_5b/base/base/logprobs_20251130_015550_qwen-1_5b_base_physics_B.jsonl,wire_payload,750564,,,keep_forever,open,local-fs,mi-perplexity-nll,1-logprob,C:\Users\spenc\Downloads\h200_outputs_perplexity\physics_B\qwen-1_5b\base\base\logprobs_20251130_015550_qwen-1_5b_base_physics_B.jsonl,per-token logprob jsonl; physics_A/B = two prose texts; base vs sft inside each
mi/vastai/perplexity/physics_B/qwen-1_5b/base/base/logprobs_merged.jsonl,wire_payload,750664,,,keep_forever,open,local-fs,mi-perplexity-nll,1-logprob,C:\Users\spenc\Downloads\h200_outputs_perplexity\physics_B\qwen-1_5b\base\base\logprobs_merged.jsonl,per-token logprob jsonl; physics_A/B = two prose texts; base vs sft inside each
mi/vastai/perplexity/physics_B/qwen-1_5b/base/base/run_20251130_015550_qwen-1_5b_base_physics_B.log,wire_payload,8209,,,keep_forever,open,local-fs,mi-perplexity-nll,1-logprob,C:\Users\spenc\Downloads\h200_outputs_perplexity\physics_B\qwen-1_5b\base\base\run_20251130_015550_qwen-1_5b_base_physics_B.log,per-token logprob jsonl; physics_A/B = two prose texts; base vs sft inside each
mi/vastai/perplexity/physics_B/qwen-1_5b/base/base/summary_20251130_015550_qwen-1_5b_base_physics_B.json,wire_payload,298,,,keep_forever,open,local-fs,mi-perplexity-nll,1-logprob,C:\Users\spenc\Downloads\h200_outputs_perplexity\physics_B\qwen-1_5b\base\base\summary_20251130_015550_qwen-1_5b_base_physics_B.json,per-token logprob jsonl; physics_A/B = two prose texts; base vs sft inside each
mi/vastai/perplexity/physics_B/qwen-1_5b/sft/sft/logprobs_20251130_015628_qwen-1_5b_sft_physics_B.jsonl,wire_payload,751112,,,keep_forever,open,local-fs,mi-perplexity-nll,1-logprob,C:\Users\spenc\Downloads\h200_outputs_perplexity\physics_B\qwen-1_5b\sft\sft\logprobs_20251130_015628_qwen-1_5b_sft_physics_B.jsonl,per-token logprob jsonl; physics_A/B = two prose texts; base vs sft inside each
mi/vastai/perplexity/physics_B/qwen-1_5b/sft/sft/logprobs_merged.jsonl,wire_payload,751212,,,keep_forever,open,local-fs,mi-perplexity-nll,1-logprob,C:\Users\spenc\Downloads\h200_outputs_perplexity\physics_B\qwen-1_5b\sft\sft\logprobs_merged.jsonl,per-token logprob jsonl; physics_A/B = two prose texts; base vs sft inside each
mi/vastai/perplexity/physics_B/qwen-1_5b/sft/sft/run_20251130_015628_qwen-1_5b_sft_physics_B.log,wire_payload,8208,,,keep_forever,open,local-fs,mi-perplexity-nll,1-logprob,C:\Users\spenc\Downloads\h200_outputs_perplexity\physics_B\qwen-1_5b\sft\sft\run_20251130_015628_qwen-1_5b_sft_physics_B.log,per-token logprob jsonl; physics_A/B = two prose texts; base vs sft inside each
mi/vastai/perplexity/physics_B/qwen-1_5b/sft/sft/summary_20251130_015628_qwen-1_5b_sft_physics_B.json,wire_payload,306,,,keep_forever,open,local-fs,mi-perplexity-nll,1-logprob,C:\Users\spenc\Downloads\h200_outputs_perplexity\physics_B\qwen-1_5b\sft\sft\summary_20251130_015628_qwen-1_5b_sft_physics_B.json,per-token logprob jsonl; physics_A/B = two prose texts; base vs sft inside each
mi/vastai/perplexity/physics_B/qwen-32b/base/base/logprobs_20251130_020329_qwen-32b_base_physics_B.jsonl,wire_payload,678241,,,keep_forever,open,local-fs,mi-perplexity-nll,1-logprob,C:\Users\spenc\Downloads\h200_outputs_perplexity\physics_B\qwen-32b\base\base\logprobs_20251130_020329_qwen-32b_base_physics_B.jsonl,per-token logprob jsonl; physics_A/B = two prose texts; base vs sft inside each
mi/vastai/perplexity/physics_B/qwen-32b/base/base/logprobs_merged.jsonl,wire_payload,678341,,,keep_forever,open,local-fs,mi-perplexity-nll,1-logprob,C:\Users\spenc\Downloads\h200_outputs_perplexity\physics_B\qwen-32b\base\base\logprobs_merged.jsonl,per-token logprob jsonl; physics_A/B = two prose texts; base vs sft inside each
mi/vastai/perplexity/physics_B/qwen-32b/base/base/run_20251130_020329_qwen-32b_base_physics_B.log,wire_payload,8208,,,keep_forever,open,local-fs,mi-perplexity-nll,1-logprob,C:\Users\spenc\Downloads\h200_outputs_perplexity\physics_B\qwen-32b\base\base\run_20251130_020329_qwen-32b_base_physics_B.log,per-token logprob jsonl; physics_A/B = two prose texts; base vs sft inside each
mi/vastai/perplexity/physics_B/qwen-32b/base/base/summary_20251130_020329_qwen-32b_base_physics_B.json,wire_payload,296,,,keep_forever,open,local-fs,mi-perplexity-nll,1-logprob,C:\Users\spenc\Downloads\h200_outputs_perplexity\physics_B\qwen-32b\base\base\summary_20251130_020329_qwen-32b_base_physics_B.json,per-token logprob jsonl; physics_A/B = two prose texts; base vs sft inside each
mi/vastai/perplexity/physics_B/qwen-32b/sft/sft/logprobs_20251130_020523_qwen-32b_sft_physics_B.jsonl,wire_payload,681291,,,keep_forever,open,local-fs,mi-perplexity-nll,1-logprob,C:\Users\spenc\Downloads\h200_outputs_perplexity\physics_B\qwen-32b\sft\sft\logprobs_20251130_020523_qwen-32b_sft_physics_B.jsonl,per-token logprob jsonl; physics_A/B = two prose texts; base vs sft inside each
mi/vastai/perplexity/physics_B/qwen-32b/sft/sft/logprobs_merged.jsonl,wire_payload,681391,,,keep_forever,open,local-fs,mi-perplexity-nll,1-logprob,C:\Users\spenc\Downloads\h200_outputs_perplexity\physics_B\qwen-32b\sft\sft\logprobs_merged.jsonl,per-token logprob jsonl; physics_A/B = two prose texts; base vs sft inside each
mi/vastai/perplexity/physics_B/qwen-32b/sft/sft/run_20251130_020523_qwen-32b_sft_physics_B.log,wire_payload,8207,,,keep_forever,open,local-fs,mi-perplexity-nll,1-logprob,C:\Users\spenc\Downloads\h200_outputs_perplexity\physics_B\qwen-32b\sft\sft\run_20251130_020523_qwen-32b_sft_physics_B.log,per-token logprob jsonl; physics_A/B = two prose texts; base vs sft inside each
mi/vastai/perplexity/physics_B/qwen-32b/sft/sft/summary_20251130_020523_qwen-32b_sft_physics_B.json,wire_payload,303,,,keep_forever,open,local-fs,mi-perplexity-nll,1-logprob,C:\Users\spenc\Downloads\h200_outputs_perplexity\physics_B\qwen-32b\sft\sft\summary_20251130_020523_qwen-32b_sft_physics_B.json,per-token logprob jsonl; physics_A/B = two prose texts; base vs sft inside each
mi/vastai/perplexity/physics_B/qwen-3b/base/base/logprobs_20251130_015710_qwen-3b_base_physics_B.jsonl,wire_payload,752917,,,keep_forever,open,local-fs,mi-perplexity-nll,1-logprob,C:\Users\spenc\Downloads\h200_outputs_perplexity\physics_B\qwen-3b\base\base\logprobs_20251130_015710_qwen-3b_base_physics_B.jsonl,per-token logprob jsonl; physics_A/B = two prose texts; base vs sft inside each
mi/vastai/perplexity/physics_B/qwen-3b/base/base/logprobs_merged.jsonl,wire_payload,753017,,,keep_forever,open,local-fs,mi-perplexity-nll,1-logprob,C:\Users\spenc\Downloads\h200_outputs_perplexity\physics_B\qwen-3b\base\base\logprobs_merged.jsonl,per-token logprob jsonl; physics_A/B = two prose texts; base vs sft inside each
mi/vastai/perplexity/physics_B/qwen-3b/base/base/run_20251130_015710_qwen-3b_base_physics_B.log,wire_payload,8207,,,keep_forever,open,local-fs,mi-perplexity-nll,1-logprob,C:\Users\spenc\Downloads\h200_outputs_perplexity\physics_B\qwen-3b\base\base\run_20251130_015710_qwen-3b_base_physics_B.log,per-token logprob jsonl; physics_A/B = two prose texts; base vs sft inside each
mi/vastai/perplexity/physics_B/qwen-3b/base/base/summary_20251130_015710_qwen-3b_base_physics_B.json,wire_payload,294,,,keep_forever,open,local-fs,mi-perplexity-nll,1-logprob,C:\Users\spenc\Downloads\h200_outputs_perplexity\physics_B\qwen-3b\base\base\summary_20251130_015710_qwen-3b_base_physics_B.json,per-token logprob jsonl; physics_A/B = two prose texts; base vs sft inside each
mi/vastai/perplexity/physics_B/qwen-3b/sft/sft/logprobs_20251130_015752_qwen-3b_sft_physics_B.jsonl,wire_payload,755358,,,keep_forever,open,local-fs,mi-perplexity-nll,1-logprob,C:\Users\spenc\Downloads\h200_outputs_perplexity\physics_B\qwen-3b\sft\sft\logprobs_20251130_015752_qwen-3b_sft_physics_B.jsonl,per-token logprob jsonl; physics_A/B = two prose texts; base vs sft inside each
mi/vastai/perplexity/physics_B/qwen-3b/sft/sft/logprobs_merged.jsonl,wire_payload,755458,,,keep_forever,open,local-fs,mi-perplexity-nll,1-logprob,C:\Users\spenc\Downloads\h200_outputs_perplexity\physics_B\qwen-3b\sft\sft\logprobs_merged.jsonl,per-token logprob jsonl; physics_A/B = two prose texts; base vs sft inside each
mi/vastai/perplexity/physics_B/qwen-3b/sft/sft/run_20251130_015752_qwen-3b_sft_physics_B.log,wire_payload,8206,,,keep_forever,open,local-fs,mi-perplexity-nll,1-logprob,C:\Users\spenc\Downloads\h200_outputs_perplexity\physics_B\qwen-3b\sft\sft\run_20251130_015752_qwen-3b_sft_physics_B.log,per-token logprob jsonl; physics_A/B = two prose texts; base vs sft inside each
mi/vastai/perplexity/physics_B/qwen-3b/sft/sft/summary_20251130_015752_qwen-3b_sft_physics_B.json,wire_payload,302,,,keep_forever,open,local-fs,mi-perplexity-nll,1-logprob,C:\Users\spenc\Downloads\h200_outputs_perplexity\physics_B\qwen-3b\sft\sft\summary_20251130_015752_qwen-3b_sft_physics_B.json,per-token logprob jsonl; physics_A/B = two prose texts; base vs sft inside each
mi/vastai/perplexity/physics_B/qwen-72b/base/base/logprobs_20251130_020839_qwen-72b_base_physics_B.jsonl,wire_payload,692378,,,keep_forever,open,local-fs,mi-perplexity-nll,1-logprob,C:\Users\spenc\Downloads\h200_outputs_perplexity\physics_B\qwen-72b\base\base\logprobs_20251130_020839_qwen-72b_base_physics_B.jsonl,per-token logprob jsonl; physics_A/B = two prose texts; base vs sft inside each
mi/vastai/perplexity/physics_B/qwen-72b/base/base/logprobs_merged.jsonl,wire_payload,692478,,,keep_forever,open,local-fs,mi-perplexity-nll,1-logprob,C:\Users\spenc\Downloads\h200_outputs_perplexity\physics_B\qwen-72b\base\base\logprobs_merged.jsonl,per-token logprob jsonl; physics_A/B = two prose texts; base vs sft inside each
mi/vastai/perplexity/physics_B/qwen-72b/base/base/run_20251130_020839_qwen-72b_base_physics_B.log,wire_payload,8208,,,keep_forever,open,local-fs,mi-perplexity-nll,1-logprob,C:\Users\spenc\Downloads\h200_outputs_perplexity\physics_B\qwen-72b\base\base\run_20251130_020839_qwen-72b_base_physics_B.log,per-token logprob jsonl; physics_A/B = two prose texts; base vs sft inside each
mi/vastai/perplexity/physics_B/qwen-72b/base/base/summary_20251130_020839_qwen-72b_base_physics_B.json,wire_payload,296,,,keep_forever,open,local-fs,mi-perplexity-nll,1-logprob,C:\Users\spenc\Downloads\h200_outputs_perplexity\physics_B\qwen-72b\base\base\summary_20251130_020839_qwen-72b_base_physics_B.json,per-token logprob jsonl; physics_A/B = two prose texts; base vs sft inside each
mi/vastai/perplexity/physics_B/qwen-72b/sft/sft/logprobs_20251130_021213_qwen-72b_sft_physics_B.jsonl,wire_payload,696354,,,keep_forever,open,local-fs,mi-perplexity-nll,1-logprob,C:\Users\spenc\Downloads\h200_outputs_perplexity\physics_B\qwen-72b\sft\sft\logprobs_20251130_021213_qwen-72b_sft_physics_B.jsonl,per-token logprob jsonl; physics_A/B = two prose texts; base vs sft inside each
mi/vastai/perplexity/physics_B/qwen-72b/sft/sft/logprobs_merged.jsonl,wire_payload,696454,,,keep_forever,open,local-fs,mi-perplexity-nll,1-logprob,C:\Users\spenc\Downloads\h200_outputs_perplexity\physics_B\qwen-72b\sft\sft\logprobs_merged.jsonl,per-token logprob jsonl; physics_A/B = two prose texts; base vs sft inside each
mi/vastai/perplexity/physics_B/qwen-72b/sft/sft/run_20251130_021213_qwen-72b_sft_physics_B.log,wire_payload,8207,,,keep_forever,open,local-fs,mi-perplexity-nll,1-logprob,C:\Users\spenc\Downloads\h200_outputs_perplexity\physics_B\qwen-72b\sft\sft\run_20251130_021213_qwen-72b_sft_physics_B.log,per-token logprob jsonl; physics_A/B = two prose texts; base vs sft inside each
mi/vastai/perplexity/physics_B/qwen-72b/sft/sft/summary_20251130_021213_qwen-72b_sft_physics_B.json,wire_payload,303,,,keep_forever,open,local-fs,mi-perplexity-nll,1-logprob,C:\Users\spenc\Downloads\h200_outputs_perplexity\physics_B\qwen-72b\sft\sft\summary_20251130_021213_qwen-72b_sft_physics_B.json,per-token logprob jsonl; physics_A/B = two prose texts; base vs sft inside each
mi/vastai/perplexity/physics_B/qwen-7b/base/base/logprobs_20251130_015843_qwen-7b_base_physics_B.jsonl,wire_payload,672469,,,keep_forever,open,local-fs,mi-perplexity-nll,1-logprob,C:\Users\spenc\Downloads\h200_outputs_perplexity\physics_B\qwen-7b\base\base\logprobs_20251130_015843_qwen-7b_base_physics_B.jsonl,per-token logprob jsonl; physics_A/B = two prose texts; base vs sft inside each
mi/vastai/perplexity/physics_B/qwen-7b/base/base/logprobs_merged.jsonl,wire_payload,672569,,,keep_forever,open,local-fs,mi-perplexity-nll,1-logprob,C:\Users\spenc\Downloads\h200_outputs_perplexity\physics_B\qwen-7b\base\base\logprobs_merged.jsonl,per-token logprob jsonl; physics_A/B = two prose texts; base vs sft inside each
mi/vastai/perplexity/physics_B/qwen-7b/base/base/run_20251130_015843_qwen-7b_base_physics_B.log,wire_payload,8207,,,keep_forever,open,local-fs,mi-perplexity-nll,1-logprob,C:\Users\spenc\Downloads\h200_outputs_perplexity\physics_B\qwen-7b\base\base\run_20251130_015843_qwen-7b_base_physics_B.log,per-token logprob jsonl; physics_A/B = two prose texts; base vs sft inside each
mi/vastai/perplexity/physics_B/qwen-7b/base/base/summary_20251130_015843_qwen-7b_base_physics_B.json,wire_payload,295,,,keep_forever,open,local-fs,mi-perplexity-nll,1-logprob,C:\Users\spenc\Downloads\h200_outputs_perplexity\physics_B\qwen-7b\base\base\summary_20251130_015843_qwen-7b_base_physics_B.json,per-token logprob jsonl; physics_A/B = two prose texts; base vs sft inside each
mi/vastai/perplexity/physics_B/qwen-7b/sft/sft/logprobs_20251130_015932_qwen-7b_sft_physics_B.jsonl,wire_payload,677040,,,keep_forever,open,local-fs,mi-perplexity-nll,1-logprob,C:\Users\spenc\Downloads\h200_outputs_perplexity\physics_B\qwen-7b\sft\sft\logprobs_20251130_015932_qwen-7b_sft_physics_B.jsonl,per-token logprob jsonl; physics_A/B = two prose texts; base vs sft inside each
mi/vastai/perplexity/physics_B/qwen-7b/sft/sft/logprobs_merged.jsonl,wire_payload,677140,,,keep_forever,open,local-fs,mi-perplexity-nll,1-logprob,C:\Users\spenc\Downloads\h200_outputs_perplexity\physics_B\qwen-7b\sft\sft\logprobs_merged.jsonl,per-token logprob jsonl; physics_A/B = two prose texts; base vs sft inside each
mi/vastai/perplexity/physics_B/qwen-7b/sft/sft/run_20251130_015932_qwen-7b_sft_physics_B.log,wire_payload,8206,,,keep_forever,open,local-fs,mi-perplexity-nll,1-logprob,C:\Users\spenc\Downloads\h200_outputs_perplexity\physics_B\qwen-7b\sft\sft\run_20251130_015932_qwen-7b_sft_physics_B.log,per-token logprob jsonl; physics_A/B = two prose texts; base vs sft inside each
mi/vastai/perplexity/physics_B/qwen-7b/sft/sft/summary_20251130_015932_qwen-7b_sft_physics_B.json,wire_payload,301,,,keep_forever,open,local-fs,mi-perplexity-nll,1-logprob,C:\Users\spenc\Downloads\h200_outputs_perplexity\physics_B\qwen-7b\sft\sft\summary_20251130_015932_qwen-7b_sft_physics_B.json,per-token logprob jsonl; physics_A/B = two prose texts; base vs sft inside each
mi/vastai/perplexity/_prompt_cache/physics_A.txt,wire_payload,154402,,,keep_forever,open,local-fs,mi-perplexity-nll,1-logprob,C:\Users\spenc\Downloads\h200_outputs_perplexity\_prompt_cache\physics_A.txt,per-token logprob jsonl; physics_A/B = two prose texts; base vs sft inside each
mi/vastai/perplexity/_prompt_cache/physics_B.txt,wire_payload,138082,,,keep_forever,open,local-fs,mi-perplexity-nll,1-logprob,C:\Users\spenc\Downloads\h200_outputs_perplexity\_prompt_cache\physics_B.txt,per-token logprob jsonl; physics_A/B = two prose texts; base vs sft inside each
mi/plots/residual-divergence/README.md,export,5577,,,ttl,open,local-fs,mi-gpt2-control,2-logit-lens,C:\Users\spenc\Downloads\residual_plots\README.md,"GPT-2 -> GPT-2 CONTROL, not a Qwen base-vs-SFT result: 12 layers / 9 tokens / prompt ""Explain the moon landing in one paragraph."" Both sides are the SAME model, so kl_div and norm_diff are identically 0.0 and cosine_sim is 1.0 across all 6 pairwise blocks. The two KL PNGs are byte-identical between item_N and item_N+9 BECAUSE they are flat zero - expected, not a defect. The real Qwen comparison lives in mi-base-vs-sft-divergence."
mi/plots/residual-divergence/index.html,export,7830,,,ttl,open,local-fs,mi-gpt2-control,2-logit-lens,C:\Users\spenc\Downloads\residual_plots\index.html,"GPT-2 -> GPT-2 CONTROL, not a Qwen base-vs-SFT result: 12 layers / 9 tokens / prompt ""Explain the moon landing in one paragraph."" Both sides are the SAME model, so kl_div and norm_diff are identically 0.0 and cosine_sim is 1.0 across all 6 pairwise blocks. The two KL PNGs are byte-identical between item_N and item_N+9 BECAUSE they are flat zero - expected, not a defect. The real Qwen comparison lives in mi-base-vs-sft-divergence."
mi/plots/residual-divergence/item_0_identity_default/cosine_sim_by_layer.png,export,310830,,,ttl,open,local-fs,mi-gpt2-control,2-logit-lens,C:\Users\spenc\Downloads\residual_plots\item_0_identity_default\cosine_sim_by_layer.png,"GPT-2 -> GPT-2 CONTROL, not a Qwen base-vs-SFT result: 12 layers / 9 tokens / prompt ""Explain the moon landing in one paragraph."" Both sides are the SAME model, so kl_div and norm_diff are identically 0.0 and cosine_sim is 1.0 across all 6 pairwise blocks. The two KL PNGs are byte-identical between item_N and item_N+9 BECAUSE they are flat zero - expected, not a defect. The real Qwen comparison lives in mi-base-vs-sft-divergence."
mi/plots/residual-divergence/item_0_identity_default/cosine_sim_by_token.png,export,330352,,,ttl,open,local-fs,mi-gpt2-control,2-logit-lens,C:\Users\spenc\Downloads\residual_plots\item_0_identity_default\cosine_sim_by_token.png,"GPT-2 -> GPT-2 CONTROL, not a Qwen base-vs-SFT result: 12 layers / 9 tokens / prompt ""Explain the moon landing in one paragraph."" Both sides are the SAME model, so kl_div and norm_diff are identically 0.0 and cosine_sim is 1.0 across all 6 pairwise blocks. The two KL PNGs are byte-identical between item_N and item_N+9 BECAUSE they are flat zero - expected, not a defect. The real Qwen comparison lives in mi-base-vs-sft-divergence."
mi/plots/residual-divergence/item_0_identity_default/entropy_by_layer.png,export,226265,,,ttl,open,local-fs,mi-gpt2-control,2-logit-lens,C:\Users\spenc\Downloads\residual_plots\item_0_identity_default\entropy_by_layer.png,"GPT-2 -> GPT-2 CONTROL, not a Qwen base-vs-SFT result: 12 layers / 9 tokens / prompt ""Explain the moon landing in one paragraph."" Both sides are the SAME model, so kl_div and norm_diff are identically 0.0 and cosine_sim is 1.0 across all 6 pairwise blocks. The two KL PNGs are byte-identical between item_N and item_N+9 BECAUSE they are flat zero - expected, not a defect. The real Qwen comparison lives in mi-base-vs-sft-divergence."
mi/plots/residual-divergence/item_0_identity_default/entropy_by_token.png,export,283454,,,ttl,open,local-fs,mi-gpt2-control,2-logit-lens,C:\Users\spenc\Downloads\residual_plots\item_0_identity_default\entropy_by_token.png,"GPT-2 -> GPT-2 CONTROL, not a Qwen base-vs-SFT result: 12 layers / 9 tokens / prompt ""Explain the moon landing in one paragraph."" Both sides are the SAME model, so kl_div and norm_diff are identically 0.0 and cosine_sim is 1.0 across all 6 pairwise blocks. The two KL PNGs are byte-identical between item_N and item_N+9 BECAUSE they are flat zero - expected, not a defect. The real Qwen comparison lives in mi-base-vs-sft-divergence."
mi/plots/residual-divergence/item_0_identity_default/kl_div_by_layer.png,export,62860,,,ttl,open,local-fs,mi-gpt2-control,2-logit-lens,C:\Users\spenc\Downloads\residual_plots\item_0_identity_default\kl_div_by_layer.png,"GPT-2 -> GPT-2 CONTROL, not a Qwen base-vs-SFT result: 12 layers / 9 tokens / prompt ""Explain the moon landing in one paragraph."" Both sides are the SAME model, so kl_div and norm_diff are identically 0.0 and cosine_sim is 1.0 across all 6 pairwise blocks. The two KL PNGs are byte-identical between item_N and item_N+9 BECAUSE they are flat zero - expected, not a defect. The real Qwen comparison lives in mi-base-vs-sft-divergence."
mi/plots/residual-divergence/item_0_identity_default/kl_div_by_token.png,export,93575,,,ttl,open,local-fs,mi-gpt2-control,2-logit-lens,C:\Users\spenc\Downloads\residual_plots\item_0_identity_default\kl_div_by_token.png,"GPT-2 -> GPT-2 CONTROL, not a Qwen base-vs-SFT result: 12 layers / 9 tokens / prompt ""Explain the moon landing in one paragraph."" Both sides are the SAME model, so kl_div and norm_diff are identically 0.0 and cosine_sim is 1.0 across all 6 pairwise blocks. The two KL PNGs are byte-identical between item_N and item_N+9 BECAUSE they are flat zero - expected, not a defect. The real Qwen comparison lives in mi-base-vs-sft-divergence."
mi/plots/residual-divergence/item_0_identity_default/norm_by_layer.png,export,154011,,,ttl,open,local-fs,mi-gpt2-control,2-logit-lens,C:\Users\spenc\Downloads\residual_plots\item_0_identity_default\norm_by_layer.png,"GPT-2 -> GPT-2 CONTROL, not a Qwen base-vs-SFT result: 12 layers / 9 tokens / prompt ""Explain the moon landing in one paragraph."" Both sides are the SAME model, so kl_div and norm_diff are identically 0.0 and cosine_sim is 1.0 across all 6 pairwise blocks. The two KL PNGs are byte-identical between item_N and item_N+9 BECAUSE they are flat zero - expected, not a defect. The real Qwen comparison lives in mi-base-vs-sft-divergence."
mi/plots/residual-divergence/item_0_identity_default/norm_by_token.png,export,240718,,,ttl,open,local-fs,mi-gpt2-control,2-logit-lens,C:\Users\spenc\Downloads\residual_plots\item_0_identity_default\norm_by_token.png,"GPT-2 -> GPT-2 CONTROL, not a Qwen base-vs-SFT result: 12 layers / 9 tokens / prompt ""Explain the moon landing in one paragraph."" Both sides are the SAME model, so kl_div and norm_diff are identically 0.0 and cosine_sim is 1.0 across all 6 pairwise blocks. The two KL PNGs are byte-identical between item_N and item_N+9 BECAUSE they are flat zero - expected, not a defect. The real Qwen comparison lives in mi-base-vs-sft-divergence."
mi/plots/residual-divergence/item_0_identity_default/tracked_1400_by_layer.png,export,183690,,,ttl,open,local-fs,mi-gpt2-control,2-logit-lens,C:\Users\spenc\Downloads\residual_plots\item_0_identity_default\tracked_1400_by_layer.png,"GPT-2 -> GPT-2 CONTROL, not a Qwen base-vs-SFT result: 12 layers / 9 tokens / prompt ""Explain the moon landing in one paragraph."" Both sides are the SAME model, so kl_div and norm_diff are identically 0.0 and cosine_sim is 1.0 across all 6 pairwise blocks. The two KL PNGs are byte-identical between item_N and item_N+9 BECAUSE they are flat zero - expected, not a defect. The real Qwen comparison lives in mi-base-vs-sft-divergence."
mi/plots/residual-divergence/item_0_identity_default/tracked_1400_by_token.png,export,238561,,,ttl,open,local-fs,mi-gpt2-control,2-logit-lens,C:\Users\spenc\Downloads\residual_plots\item_0_identity_default\tracked_1400_by_token.png,"GPT-2 -> GPT-2 CONTROL, not a Qwen base-vs-SFT result: 12 layers / 9 tokens / prompt ""Explain the moon landing in one paragraph."" Both sides are the SAME model, so kl_div and norm_diff are identically 0.0 and cosine_sim is 1.0 across all 6 pairwise blocks. The two KL PNGs are byte-identical between item_N and item_N+9 BECAUSE they are flat zero - expected, not a defect. The real Qwen comparison lives in mi-base-vs-sft-divergence."
mi/plots/residual-divergence/item_0_identity_default/tracked_3363_by_layer.png,export,266342,,,ttl,open,local-fs,mi-gpt2-control,2-logit-lens,C:\Users\spenc\Downloads\residual_plots\item_0_identity_default\tracked_3363_by_layer.png,"GPT-2 -> GPT-2 CONTROL, not a Qwen base-vs-SFT result: 12 layers / 9 tokens / prompt ""Explain the moon landing in one paragraph."" Both sides are the SAME model, so kl_div and norm_diff are identically 0.0 and cosine_sim is 1.0 across all 6 pairwise blocks. The two KL PNGs are byte-identical between item_N and item_N+9 BECAUSE they are flat zero - expected, not a defect. The real Qwen comparison lives in mi-base-vs-sft-divergence."
mi/plots/residual-divergence/item_0_identity_default/tracked_3363_by_token.png,export,346898,,,ttl,open,local-fs,mi-gpt2-control,2-logit-lens,C:\Users\spenc\Downloads\residual_plots\item_0_identity_default\tracked_3363_by_token.png,"GPT-2 -> GPT-2 CONTROL, not a Qwen base-vs-SFT result: 12 layers / 9 tokens / prompt ""Explain the moon landing in one paragraph."" Both sides are the SAME model, so kl_div and norm_diff are identically 0.0 and cosine_sim is 1.0 across all 6 pairwise blocks. The two KL PNGs are byte-identical between item_N and item_N+9 BECAUSE they are flat zero - expected, not a defect. The real Qwen comparison lives in mi-base-vs-sft-divergence."
mi/plots/residual-divergence/item_10_identity_sft_unembed/cosine_sim_by_layer.png,export,325820,,,ttl,open,local-fs,mi-gpt2-control,2-logit-lens,C:\Users\spenc\Downloads\residual_plots\item_10_identity_sft_unembed\cosine_sim_by_layer.png,"GPT-2 -> GPT-2 CONTROL, not a Qwen base-vs-SFT result: 12 layers / 9 tokens / prompt ""Explain the moon landing in one paragraph."" Both sides are the SAME model, so kl_div and norm_diff are identically 0.0 and cosine_sim is 1.0 across all 6 pairwise blocks. The two KL PNGs are byte-identical between item_N and item_N+9 BECAUSE they are flat zero - expected, not a defect. The real Qwen comparison lives in mi-base-vs-sft-divergence."
mi/plots/residual-divergence/item_10_identity_sft_unembed/cosine_sim_by_token.png,export,343033,,,ttl,open,local-fs,mi-gpt2-control,2-logit-lens,C:\Users\spenc\Downloads\residual_plots\item_10_identity_sft_unembed\cosine_sim_by_token.png,"GPT-2 -> GPT-2 CONTROL, not a Qwen base-vs-SFT result: 12 layers / 9 tokens / prompt ""Explain the moon landing in one paragraph."" Both sides are the SAME model, so kl_div and norm_diff are identically 0.0 and cosine_sim is 1.0 across all 6 pairwise blocks. The two KL PNGs are byte-identical between item_N and item_N+9 BECAUSE they are flat zero - expected, not a defect. The real Qwen comparison lives in mi-base-vs-sft-divergence."
mi/plots/residual-divergence/item_10_identity_sft_unembed/entropy_by_layer.png,export,247243,,,ttl,open,local-fs,mi-gpt2-control,2-logit-lens,C:\Users\spenc\Downloads\residual_plots\item_10_identity_sft_unembed\entropy_by_layer.png,"GPT-2 -> GPT-2 CONTROL, not a Qwen base-vs-SFT result: 12 layers / 9 tokens / prompt ""Explain the moon landing in one paragraph."" Both sides are the SAME model, so kl_div and norm_diff are identically 0.0 and cosine_sim is 1.0 across all 6 pairwise blocks. The two KL PNGs are byte-identical between item_N and item_N+9 BECAUSE they are flat zero - expected, not a defect. The real Qwen comparison lives in mi-base-vs-sft-divergence."
mi/plots/residual-divergence/item_10_identity_sft_unembed/entropy_by_token.png,export,300752,,,ttl,open,local-fs,mi-gpt2-control,2-logit-lens,C:\Users\spenc\Downloads\residual_plots\item_10_identity_sft_unembed\entropy_by_token.png,"GPT-2 -> GPT-2 CONTROL, not a Qwen base-vs-SFT result: 12 layers / 9 tokens / prompt ""Explain the moon landing in one paragraph."" Both sides are the SAME model, so kl_div and norm_diff are identically 0.0 and cosine_sim is 1.0 across all 6 pairwise blocks. The two KL PNGs are byte-identical between item_N and item_N+9 BECAUSE they are flat zero - expected, not a defect. The real Qwen comparison lives in mi-base-vs-sft-divergence."
mi/plots/residual-divergence/item_10_identity_sft_unembed/kl_div_by_layer.png,export,64085,,,ttl,open,local-fs,mi-gpt2-control,2-logit-lens,C:\Users\spenc\Downloads\residual_plots\item_10_identity_sft_unembed\kl_div_by_layer.png,"GPT-2 -> GPT-2 CONTROL, not a Qwen base-vs-SFT result: 12 layers / 9 tokens / prompt ""Explain the moon landing in one paragraph."" Both sides are the SAME model, so kl_div and norm_diff are identically 0.0 and cosine_sim is 1.0 across all 6 pairwise blocks. The two KL PNGs are byte-identical between item_N and item_N+9 BECAUSE they are flat zero - expected, not a defect. The real Qwen comparison lives in mi-base-vs-sft-divergence."
mi/plots/residual-divergence/item_10_identity_sft_unembed/kl_div_by_token.png,export,94823,,,ttl,open,local-fs,mi-gpt2-control,2-logit-lens,C:\Users\spenc\Downloads\residual_plots\item_10_identity_sft_unembed\kl_div_by_token.png,"GPT-2 -> GPT-2 CONTROL, not a Qwen base-vs-SFT result: 12 layers / 9 tokens / prompt ""Explain the moon landing in one paragraph."" Both sides are the SAME model, so kl_div and norm_diff are identically 0.0 and cosine_sim is 1.0 across all 6 pairwise blocks. The two KL PNGs are byte-identical between item_N and item_N+9 BECAUSE they are flat zero - expected, not a defect. The real Qwen comparison lives in mi-base-vs-sft-divergence."
mi/plots/residual-divergence/item_10_identity_sft_unembed/norm_by_layer.png,export,155414,,,ttl,open,local-fs,mi-gpt2-control,2-logit-lens,C:\Users\spenc\Downloads\residual_plots\item_10_identity_sft_unembed\norm_by_layer.png,"GPT-2 -> GPT-2 CONTROL, not a Qwen base-vs-SFT result: 12 layers / 9 tokens / prompt ""Explain the moon landing in one paragraph."" Both sides are the SAME model, so kl_div and norm_diff are identically 0.0 and cosine_sim is 1.0 across all 6 pairwise blocks. The two KL PNGs are byte-identical between item_N and item_N+9 BECAUSE they are flat zero - expected, not a defect. The real Qwen comparison lives in mi-base-vs-sft-divergence."
mi/plots/residual-divergence/item_10_identity_sft_unembed/norm_by_token.png,export,241735,,,ttl,open,local-fs,mi-gpt2-control,2-logit-lens,C:\Users\spenc\Downloads\residual_plots\item_10_identity_sft_unembed\norm_by_token.png,"GPT-2 -> GPT-2 CONTROL, not a Qwen base-vs-SFT result: 12 layers / 9 tokens / prompt ""Explain the moon landing in one paragraph."" Both sides are the SAME model, so kl_div and norm_diff are identically 0.0 and cosine_sim is 1.0 across all 6 pairwise blocks. The two KL PNGs are byte-identical between item_N and item_N+9 BECAUSE they are flat zero - expected, not a defect. The real Qwen comparison lives in mi-base-vs-sft-divergence."
mi/plots/residual-divergence/item_10_identity_sft_unembed/tracked_1400_by_layer.png,export,180376,,,ttl,open,local-fs,mi-gpt2-control,2-logit-lens,C:\Users\spenc\Downloads\residual_plots\item_10_identity_sft_unembed\tracked_1400_by_layer.png,"GPT-2 -> GPT-2 CONTROL, not a Qwen base-vs-SFT result: 12 layers / 9 tokens / prompt ""Explain the moon landing in one paragraph."" Both sides are the SAME model, so kl_div and norm_diff are identically 0.0 and cosine_sim is 1.0 across all 6 pairwise blocks. The two KL PNGs are byte-identical between item_N and item_N+9 BECAUSE they are flat zero - expected, not a defect. The real Qwen comparison lives in mi-base-vs-sft-divergence."
mi/plots/residual-divergence/item_10_identity_sft_unembed/tracked_1400_by_token.png,export,231846,,,ttl,open,local-fs,mi-gpt2-control,2-logit-lens,C:\Users\spenc\Downloads\residual_plots\item_10_identity_sft_unembed\tracked_1400_by_token.png,"GPT-2 -> GPT-2 CONTROL, not a Qwen base-vs-SFT result: 12 layers / 9 tokens / prompt ""Explain the moon landing in one paragraph."" Both sides are the SAME model, so kl_div and norm_diff are identically 0.0 and cosine_sim is 1.0 across all 6 pairwise blocks. The two KL PNGs are byte-identical between item_N and item_N+9 BECAUSE they are flat zero - expected, not a defect. The real Qwen comparison lives in mi-base-vs-sft-divergence."
mi/plots/residual-divergence/item_10_identity_sft_unembed/tracked_3363_by_layer.png,export,279301,,,ttl,open,local-fs,mi-gpt2-control,2-logit-lens,C:\Users\spenc\Downloads\residual_plots\item_10_identity_sft_unembed\tracked_3363_by_layer.png,"GPT-2 -> GPT-2 CONTROL, not a Qwen base-vs-SFT result: 12 layers / 9 tokens / prompt ""Explain the moon landing in one paragraph."" Both sides are the SAME model, so kl_div and norm_diff are identically 0.0 and cosine_sim is 1.0 across all 6 pairwise blocks. The two KL PNGs are byte-identical between item_N and item_N+9 BECAUSE they are flat zero - expected, not a defect. The real Qwen comparison lives in mi-base-vs-sft-divergence."
mi/plots/residual-divergence/item_10_identity_sft_unembed/tracked_3363_by_token.png,export,342808,,,ttl,open,local-fs,mi-gpt2-control,2-logit-lens,C:\Users\spenc\Downloads\residual_plots\item_10_identity_sft_unembed\tracked_3363_by_token.png,"GPT-2 -> GPT-2 CONTROL, not a Qwen base-vs-SFT result: 12 layers / 9 tokens / prompt ""Explain the moon landing in one paragraph."" Both sides are the SAME model, so kl_div and norm_diff are identically 0.0 and cosine_sim is 1.0 across all 6 pairwise blocks. The two KL PNGs are byte-identical between item_N and item_N+9 BECAUSE they are flat zero - expected, not a defect. The real Qwen comparison lives in mi-base-vs-sft-divergence."
mi/plots/residual-divergence/item_11_identity_sft_embedding/cosine_sim_by_layer.png,export,326147,,,ttl,open,local-fs,mi-gpt2-control,2-logit-lens,C:\Users\spenc\Downloads\residual_plots\item_11_identity_sft_embedding\cosine_sim_by_layer.png,"GPT-2 -> GPT-2 CONTROL, not a Qwen base-vs-SFT result: 12 layers / 9 tokens / prompt ""Explain the moon landing in one paragraph."" Both sides are the SAME model, so kl_div and norm_diff are identically 0.0 and cosine_sim is 1.0 across all 6 pairwise blocks. The two KL PNGs are byte-identical between item_N and item_N+9 BECAUSE they are flat zero - expected, not a defect. The real Qwen comparison lives in mi-base-vs-sft-divergence."
mi/plots/residual-divergence/item_11_identity_sft_embedding/cosine_sim_by_token.png,export,343326,,,ttl,open,local-fs,mi-gpt2-control,2-logit-lens,C:\Users\spenc\Downloads\residual_plots\item_11_identity_sft_embedding\cosine_sim_by_token.png,"GPT-2 -> GPT-2 CONTROL, not a Qwen base-vs-SFT result: 12 layers / 9 tokens / prompt ""Explain the moon landing in one paragraph."" Both sides are the SAME model, so kl_div and norm_diff are identically 0.0 and cosine_sim is 1.0 across all 6 pairwise blocks. The two KL PNGs are byte-identical between item_N and item_N+9 BECAUSE they are flat zero - expected, not a defect. The real Qwen comparison lives in mi-base-vs-sft-divergence."
mi/plots/residual-divergence/item_11_identity_sft_embedding/entropy_by_layer.png,export,247556,,,ttl,open,local-fs,mi-gpt2-control,2-logit-lens,C:\Users\spenc\Downloads\residual_plots\item_11_identity_sft_embedding\entropy_by_layer.png,"GPT-2 -> GPT-2 CONTROL, not a Qwen base-vs-SFT result: 12 layers / 9 tokens / prompt ""Explain the moon landing in one paragraph."" Both sides are the SAME model, so kl_div and norm_diff are identically 0.0 and cosine_sim is 1.0 across all 6 pairwise blocks. The two KL PNGs are byte-identical between item_N and item_N+9 BECAUSE they are flat zero - expected, not a defect. The real Qwen comparison lives in mi-base-vs-sft-divergence."
mi/plots/residual-divergence/item_11_identity_sft_embedding/entropy_by_token.png,export,301069,,,ttl,open,local-fs,mi-gpt2-control,2-logit-lens,C:\Users\spenc\Downloads\residual_plots\item_11_identity_sft_embedding\entropy_by_token.png,"GPT-2 -> GPT-2 CONTROL, not a Qwen base-vs-SFT result: 12 layers / 9 tokens / prompt ""Explain the moon landing in one paragraph."" Both sides are the SAME model, so kl_div and norm_diff are identically 0.0 and cosine_sim is 1.0 across all 6 pairwise blocks. The two KL PNGs are byte-identical between item_N and item_N+9 BECAUSE they are flat zero - expected, not a defect. The real Qwen comparison lives in mi-base-vs-sft-divergence."
mi/plots/residual-divergence/item_11_identity_sft_embedding/kl_div_by_layer.png,export,64404,,,ttl,open,local-fs,mi-gpt2-control,2-logit-lens,C:\Users\spenc\Downloads\residual_plots\item_11_identity_sft_embedding\kl_div_by_layer.png,"GPT-2 -> GPT-2 CONTROL, not a Qwen base-vs-SFT result: 12 layers / 9 tokens / prompt ""Explain the moon landing in one paragraph."" Both sides are the SAME model, so kl_div and norm_diff are identically 0.0 and cosine_sim is 1.0 across all 6 pairwise blocks. The two KL PNGs are byte-identical between item_N and item_N+9 BECAUSE they are flat zero - expected, not a defect. The real Qwen comparison lives in mi-base-vs-sft-divergence."
mi/plots/residual-divergence/item_11_identity_sft_embedding/kl_div_by_token.png,export,95130,,,ttl,open,local-fs,mi-gpt2-control,2-logit-lens,C:\Users\spenc\Downloads\residual_plots\item_11_identity_sft_embedding\kl_div_by_token.png,"GPT-2 -> GPT-2 CONTROL, not a Qwen base-vs-SFT result: 12 layers / 9 tokens / prompt ""Explain the moon landing in one paragraph."" Both sides are the SAME model, so kl_div and norm_diff are identically 0.0 and cosine_sim is 1.0 across all 6 pairwise blocks. The two KL PNGs are byte-identical between item_N and item_N+9 BECAUSE they are flat zero - expected, not a defect. The real Qwen comparison lives in mi-base-vs-sft-divergence."
mi/plots/residual-divergence/item_11_identity_sft_embedding/norm_by_layer.png,export,155701,,,ttl,open,local-fs,mi-gpt2-control,2-logit-lens,C:\Users\spenc\Downloads\residual_plots\item_11_identity_sft_embedding\norm_by_layer.png,"GPT-2 -> GPT-2 CONTROL, not a Qwen base-vs-SFT result: 12 layers / 9 tokens / prompt ""Explain the moon landing in one paragraph."" Both sides are the SAME model, so kl_div and norm_diff are identically 0.0 and cosine_sim is 1.0 across all 6 pairwise blocks. The two KL PNGs are byte-identical between item_N and item_N+9 BECAUSE they are flat zero - expected, not a defect. The real Qwen comparison lives in mi-base-vs-sft-divergence."
mi/plots/residual-divergence/item_11_identity_sft_embedding/norm_by_token.png,export,242056,,,ttl,open,local-fs,mi-gpt2-control,2-logit-lens,C:\Users\spenc\Downloads\residual_plots\item_11_identity_sft_embedding\norm_by_token.png,"GPT-2 -> GPT-2 CONTROL, not a Qwen base-vs-SFT result: 12 layers / 9 tokens / prompt ""Explain the moon landing in one paragraph."" Both sides are the SAME model, so kl_div and norm_diff are identically 0.0 and cosine_sim is 1.0 across all 6 pairwise blocks. The two KL PNGs are byte-identical between item_N and item_N+9 BECAUSE they are flat zero - expected, not a defect. The real Qwen comparison lives in mi-base-vs-sft-divergence."
mi/plots/residual-divergence/item_11_identity_sft_embedding/tracked_1400_by_layer.png,export,180676,,,ttl,open,local-fs,mi-gpt2-control,2-logit-lens,C:\Users\spenc\Downloads\residual_plots\item_11_identity_sft_embedding\tracked_1400_by_layer.png,"GPT-2 -> GPT-2 CONTROL, not a Qwen base-vs-SFT result: 12 layers / 9 tokens / prompt ""Explain the moon landing in one paragraph."" Both sides are the SAME model, so kl_div and norm_diff are identically 0.0 and cosine_sim is 1.0 across all 6 pairwise blocks. The two KL PNGs are byte-identical between item_N and item_N+9 BECAUSE they are flat zero - expected, not a defect. The real Qwen comparison lives in mi-base-vs-sft-divergence."
mi/plots/residual-divergence/item_11_identity_sft_embedding/tracked_1400_by_token.png,export,232169,,,ttl,open,local-fs,mi-gpt2-control,2-logit-lens,C:\Users\spenc\Downloads\residual_plots\item_11_identity_sft_embedding\tracked_1400_by_token.png,"GPT-2 -> GPT-2 CONTROL, not a Qwen base-vs-SFT result: 12 layers / 9 tokens / prompt ""Explain the moon landing in one paragraph."" Both sides are the SAME model, so kl_div and norm_diff are identically 0.0 and cosine_sim is 1.0 across all 6 pairwise blocks. The two KL PNGs are byte-identical between item_N and item_N+9 BECAUSE they are flat zero - expected, not a defect. The real Qwen comparison lives in mi-base-vs-sft-divergence."
mi/plots/residual-divergence/item_11_identity_sft_embedding/tracked_3363_by_layer.png,export,279599,,,ttl,open,local-fs,mi-gpt2-control,2-logit-lens,C:\Users\spenc\Downloads\residual_plots\item_11_identity_sft_embedding\tracked_3363_by_layer.png,"GPT-2 -> GPT-2 CONTROL, not a Qwen base-vs-SFT result: 12 layers / 9 tokens / prompt ""Explain the moon landing in one paragraph."" Both sides are the SAME model, so kl_div and norm_diff are identically 0.0 and cosine_sim is 1.0 across all 6 pairwise blocks. The two KL PNGs are byte-identical between item_N and item_N+9 BECAUSE they are flat zero - expected, not a defect. The real Qwen comparison lives in mi-base-vs-sft-divergence."
mi/plots/residual-divergence/item_11_identity_sft_embedding/tracked_3363_by_token.png,export,343103,,,ttl,open,local-fs,mi-gpt2-control,2-logit-lens,C:\Users\spenc\Downloads\residual_plots\item_11_identity_sft_embedding\tracked_3363_by_token.png,"GPT-2 -> GPT-2 CONTROL, not a Qwen base-vs-SFT result: 12 layers / 9 tokens / prompt ""Explain the moon landing in one paragraph."" Both sides are the SAME model, so kl_div and norm_diff are identically 0.0 and cosine_sim is 1.0 across all 6 pairwise blocks. The two KL PNGs are byte-identical between item_N and item_N+9 BECAUSE they are flat zero - expected, not a defect. The real Qwen comparison lives in mi-base-vs-sft-divergence."
mi/plots/residual-divergence/item_12_reverse_sentences_default/cosine_sim_by_layer.png,export,326914,,,ttl,open,local-fs,mi-gpt2-control,2-logit-lens,C:\Users\spenc\Downloads\residual_plots\item_12_reverse_sentences_default\cosine_sim_by_layer.png,"GPT-2 -> GPT-2 CONTROL, not a Qwen base-vs-SFT result: 12 layers / 9 tokens / prompt ""Explain the moon landing in one paragraph."" Both sides are the SAME model, so kl_div and norm_diff are identically 0.0 and cosine_sim is 1.0 across all 6 pairwise blocks. The two KL PNGs are byte-identical between item_N and item_N+9 BECAUSE they are flat zero - expected, not a defect. The real Qwen comparison lives in mi-base-vs-sft-divergence."
mi/plots/residual-divergence/item_12_reverse_sentences_default/cosine_sim_by_token.png,export,343959,,,ttl,open,local-fs,mi-gpt2-control,2-logit-lens,C:\Users\spenc\Downloads\residual_plots\item_12_reverse_sentences_default\cosine_sim_by_token.png,"GPT-2 -> GPT-2 CONTROL, not a Qwen base-vs-SFT result: 12 layers / 9 tokens / prompt ""Explain the moon landing in one paragraph."" Both sides are the SAME model, so kl_div and norm_diff are identically 0.0 and cosine_sim is 1.0 across all 6 pairwise blocks. The two KL PNGs are byte-identical between item_N and item_N+9 BECAUSE they are flat zero - expected, not a defect. The real Qwen comparison lives in mi-base-vs-sft-divergence."
mi/plots/residual-divergence/item_12_reverse_sentences_default/entropy_by_layer.png,export,248312,,,ttl,open,local-fs,mi-gpt2-control,2-logit-lens,C:\Users\spenc\Downloads\residual_plots\item_12_reverse_sentences_default\entropy_by_layer.png,"GPT-2 -> GPT-2 CONTROL, not a Qwen base-vs-SFT result: 12 layers / 9 tokens / prompt ""Explain the moon landing in one paragraph."" Both sides are the SAME model, so kl_div and norm_diff are identically 0.0 and cosine_sim is 1.0 across all 6 pairwise blocks. The two KL PNGs are byte-identical between item_N and item_N+9 BECAUSE they are flat zero - expected, not a defect. The real Qwen comparison lives in mi-base-vs-sft-divergence."
mi/plots/residual-divergence/item_12_reverse_sentences_default/entropy_by_token.png,export,301858,,,ttl,open,local-fs,mi-gpt2-control,2-logit-lens,C:\Users\spenc\Downloads\residual_plots\item_12_reverse_sentences_default\entropy_by_token.png,"GPT-2 -> GPT-2 CONTROL, not a Qwen base-vs-SFT result: 12 layers / 9 tokens / prompt ""Explain the moon landing in one paragraph."" Both sides are the SAME model, so kl_div and norm_diff are identically 0.0 and cosine_sim is 1.0 across all 6 pairwise blocks. The two KL PNGs are byte-identical between item_N and item_N+9 BECAUSE they are flat zero - expected, not a defect. The real Qwen comparison lives in mi-base-vs-sft-divergence."
mi/plots/residual-divergence/item_12_reverse_sentences_default/kl_div_by_layer.png,export,65147,,,ttl,open,local-fs,mi-gpt2-control,2-logit-lens,C:\Users\spenc\Downloads\residual_plots\item_12_reverse_sentences_default\kl_div_by_layer.png,"GPT-2 -> GPT-2 CONTROL, not a Qwen base-vs-SFT result: 12 layers / 9 tokens / prompt ""Explain the moon landing in one paragraph."" Both sides are the SAME model, so kl_div and norm_diff are identically 0.0 and cosine_sim is 1.0 across all 6 pairwise blocks. The two KL PNGs are byte-identical between item_N and item_N+9 BECAUSE they are flat zero - expected, not a defect. The real Qwen comparison lives in mi-base-vs-sft-divergence."
mi/plots/residual-divergence/item_12_reverse_sentences_default/kl_div_by_token.png,export,95773,,,ttl,open,local-fs,mi-gpt2-control,2-logit-lens,C:\Users\spenc\Downloads\residual_plots\item_12_reverse_sentences_default\kl_div_by_token.png,"GPT-2 -> GPT-2 CONTROL, not a Qwen base-vs-SFT result: 12 layers / 9 tokens / prompt ""Explain the moon landing in one paragraph."" Both sides are the SAME model, so kl_div and norm_diff are identically 0.0 and cosine_sim is 1.0 across all 6 pairwise blocks. The two KL PNGs are byte-identical between item_N and item_N+9 BECAUSE they are flat zero - expected, not a defect. The real Qwen comparison lives in mi-base-vs-sft-divergence."
mi/plots/residual-divergence/item_12_reverse_sentences_default/norm_by_layer.png,export,156351,,,ttl,open,local-fs,mi-gpt2-control,2-logit-lens,C:\Users\spenc\Downloads\residual_plots\item_12_reverse_sentences_default\norm_by_layer.png,"GPT-2 -> GPT-2 CONTROL, not a Qwen base-vs-SFT result: 12 layers / 9 tokens / prompt ""Explain the moon landing in one paragraph."" Both sides are the SAME model, so kl_div and norm_diff are identically 0.0 and cosine_sim is 1.0 across all 6 pairwise blocks. The two KL PNGs are byte-identical between item_N and item_N+9 BECAUSE they are flat zero - expected, not a defect. The real Qwen comparison lives in mi-base-vs-sft-divergence."
mi/plots/residual-divergence/item_12_reverse_sentences_default/norm_by_token.png,export,242759,,,ttl,open,local-fs,mi-gpt2-control,2-logit-lens,C:\Users\spenc\Downloads\residual_plots\item_12_reverse_sentences_default\norm_by_token.png,"GPT-2 -> GPT-2 CONTROL, not a Qwen base-vs-SFT result: 12 layers / 9 tokens / prompt ""Explain the moon landing in one paragraph."" Both sides are the SAME model, so kl_div and norm_diff are identically 0.0 and cosine_sim is 1.0 across all 6 pairwise blocks. The two KL PNGs are byte-identical between item_N and item_N+9 BECAUSE they are flat zero - expected, not a defect. The real Qwen comparison lives in mi-base-vs-sft-divergence."
mi/plots/residual-divergence/item_12_reverse_sentences_default/tracked_1400_by_layer.png,export,181242,,,ttl,open,local-fs,mi-gpt2-control,2-logit-lens,C:\Users\spenc\Downloads\residual_plots\item_12_reverse_sentences_default\tracked_1400_by_layer.png,"GPT-2 -> GPT-2 CONTROL, not a Qwen base-vs-SFT result: 12 layers / 9 tokens / prompt ""Explain the moon landing in one paragraph."" Both sides are the SAME model, so kl_div and norm_diff are identically 0.0 and cosine_sim is 1.0 across all 6 pairwise blocks. The two KL PNGs are byte-identical between item_N and item_N+9 BECAUSE they are flat zero - expected, not a defect. The real Qwen comparison lives in mi-base-vs-sft-divergence."
mi/plots/residual-divergence/item_12_reverse_sentences_default/tracked_1400_by_token.png,export,232881,,,ttl,open,local-fs,mi-gpt2-control,2-logit-lens,C:\Users\spenc\Downloads\residual_plots\item_12_reverse_sentences_default\tracked_1400_by_token.png,"GPT-2 -> GPT-2 CONTROL, not a Qwen base-vs-SFT result: 12 layers / 9 tokens / prompt ""Explain the moon landing in one paragraph."" Both sides are the SAME model, so kl_div and norm_diff are identically 0.0 and cosine_sim is 1.0 across all 6 pairwise blocks. The two KL PNGs are byte-identical between item_N and item_N+9 BECAUSE they are flat zero - expected, not a defect. The real Qwen comparison lives in mi-base-vs-sft-divergence."
mi/plots/residual-divergence/item_12_reverse_sentences_default/tracked_3363_by_layer.png,export,280320,,,ttl,open,local-fs,mi-gpt2-control,2-logit-lens,C:\Users\spenc\Downloads\residual_plots\item_12_reverse_sentences_default\tracked_3363_by_layer.png,"GPT-2 -> GPT-2 CONTROL, not a Qwen base-vs-SFT result: 12 layers / 9 tokens / prompt ""Explain the moon landing in one paragraph."" Both sides are the SAME model, so kl_div and norm_diff are identically 0.0 and cosine_sim is 1.0 across all 6 pairwise blocks. The two KL PNGs are byte-identical between item_N and item_N+9 BECAUSE they are flat zero - expected, not a defect. The real Qwen comparison lives in mi-base-vs-sft-divergence."
mi/plots/residual-divergence/item_12_reverse_sentences_default/tracked_3363_by_token.png,export,343753,,,ttl,open,local-fs,mi-gpt2-control,2-logit-lens,C:\Users\spenc\Downloads\residual_plots\item_12_reverse_sentences_default\tracked_3363_by_token.png,"GPT-2 -> GPT-2 CONTROL, not a Qwen base-vs-SFT result: 12 layers / 9 tokens / prompt ""Explain the moon landing in one paragraph."" Both sides are the SAME model, so kl_div and norm_diff are identically 0.0 and cosine_sim is 1.0 across all 6 pairwise blocks. The two KL PNGs are byte-identical between item_N and item_N+9 BECAUSE they are flat zero - expected, not a defect. The real Qwen comparison lives in mi-base-vs-sft-divergence."
mi/plots/residual-divergence/item_13_reverse_sentences_sft_unembed/cosine_sim_by_layer.png,export,327844,,,ttl,open,local-fs,mi-gpt2-control,2-logit-lens,C:\Users\spenc\Downloads\residual_plots\item_13_reverse_sentences_sft_unembed\cosine_sim_by_layer.png,"GPT-2 -> GPT-2 CONTROL, not a Qwen base-vs-SFT result: 12 layers / 9 tokens / prompt ""Explain the moon landing in one paragraph."" Both sides are the SAME model, so kl_div and norm_diff are identically 0.0 and cosine_sim is 1.0 across all 6 pairwise blocks. The two KL PNGs are byte-identical between item_N and item_N+9 BECAUSE they are flat zero - expected, not a defect. The real Qwen comparison lives in mi-base-vs-sft-divergence."
mi/plots/residual-divergence/item_13_reverse_sentences_sft_unembed/cosine_sim_by_token.png,export,344770,,,ttl,open,local-fs,mi-gpt2-control,2-logit-lens,C:\Users\spenc\Downloads\residual_plots\item_13_reverse_sentences_sft_unembed\cosine_sim_by_token.png,"GPT-2 -> GPT-2 CONTROL, not a Qwen base-vs-SFT result: 12 layers / 9 tokens / prompt ""Explain the moon landing in one paragraph."" Both sides are the SAME model, so kl_div and norm_diff are identically 0.0 and cosine_sim is 1.0 across all 6 pairwise blocks. The two KL PNGs are byte-identical between item_N and item_N+9 BECAUSE they are flat zero - expected, not a defect. The real Qwen comparison lives in mi-base-vs-sft-divergence."
mi/plots/residual-divergence/item_13_reverse_sentences_sft_unembed/entropy_by_layer.png,export,249194,,,ttl,open,local-fs,mi-gpt2-control,2-logit-lens,C:\Users\spenc\Downloads\residual_plots\item_13_reverse_sentences_sft_unembed\entropy_by_layer.png,"GPT-2 -> GPT-2 CONTROL, not a Qwen base-vs-SFT result: 12 layers / 9 tokens / prompt ""Explain the moon landing in one paragraph."" Both sides are the SAME model, so kl_div and norm_diff are identically 0.0 and cosine_sim is 1.0 across all 6 pairwise blocks. The two KL PNGs are byte-identical between item_N and item_N+9 BECAUSE they are flat zero - expected, not a defect. The real Qwen comparison lives in mi-base-vs-sft-divergence."
mi/plots/residual-divergence/item_13_reverse_sentences_sft_unembed/entropy_by_token.png,export,302801,,,ttl,open,local-fs,mi-gpt2-control,2-logit-lens,C:\Users\spenc\Downloads\residual_plots\item_13_reverse_sentences_sft_unembed\entropy_by_token.png,"GPT-2 -> GPT-2 CONTROL, not a Qwen base-vs-SFT result: 12 layers / 9 tokens / prompt ""Explain the moon landing in one paragraph."" Both sides are the SAME model, so kl_div and norm_diff are identically 0.0 and cosine_sim is 1.0 across all 6 pairwise blocks. The two KL PNGs are byte-identical between item_N and item_N+9 BECAUSE they are flat zero - expected, not a defect. The real Qwen comparison lives in mi-base-vs-sft-divergence."
mi/plots/residual-divergence/item_13_reverse_sentences_sft_unembed/kl_div_by_layer.png,export,66068,,,ttl,open,local-fs,mi-gpt2-control,2-logit-lens,C:\Users\spenc\Downloads\residual_plots\item_13_reverse_sentences_sft_unembed\kl_div_by_layer.png,"GPT-2 -> GPT-2 CONTROL, not a Qwen base-vs-SFT result: 12 layers / 9 tokens / prompt ""Explain the moon landing in one paragraph."" Both sides are the SAME model, so kl_div and norm_diff are identically 0.0 and cosine_sim is 1.0 across all 6 pairwise blocks. The two KL PNGs are byte-identical between item_N and item_N+9 BECAUSE they are flat zero - expected, not a defect. The real Qwen comparison lives in mi-base-vs-sft-divergence."
mi/plots/residual-divergence/item_13_reverse_sentences_sft_unembed/kl_div_by_token.png,export,96585,,,ttl,open,local-fs,mi-gpt2-control,2-logit-lens,C:\Users\spenc\Downloads\residual_plots\item_13_reverse_sentences_sft_unembed\kl_div_by_token.png,"GPT-2 -> GPT-2 CONTROL, not a Qwen base-vs-SFT result: 12 layers / 9 tokens / prompt ""Explain the moon landing in one paragraph."" Both sides are the SAME model, so kl_div and norm_diff are identically 0.0 and cosine_sim is 1.0 across all 6 pairwise blocks. The two KL PNGs are byte-identical between item_N and item_N+9 BECAUSE they are flat zero - expected, not a defect. The real Qwen comparison lives in mi-base-vs-sft-divergence."
mi/plots/residual-divergence/item_13_reverse_sentences_sft_unembed/norm_by_layer.png,export,157200,,,ttl,open,local-fs,mi-gpt2-control,2-logit-lens,C:\Users\spenc\Downloads\residual_plots\item_13_reverse_sentences_sft_unembed\norm_by_layer.png,"GPT-2 -> GPT-2 CONTROL, not a Qwen base-vs-SFT result: 12 layers / 9 tokens / prompt ""Explain the moon landing in one paragraph."" Both sides are the SAME model, so kl_div and norm_diff are identically 0.0 and cosine_sim is 1.0 across all 6 pairwise blocks. The two KL PNGs are byte-identical between item_N and item_N+9 BECAUSE they are flat zero - expected, not a defect. The real Qwen comparison lives in mi-base-vs-sft-divergence."
mi/plots/residual-divergence/item_13_reverse_sentences_sft_unembed/norm_by_token.png,export,243669,,,ttl,open,local-fs,mi-gpt2-control,2-logit-lens,C:\Users\spenc\Downloads\residual_plots\item_13_reverse_sentences_sft_unembed\norm_by_token.png,"GPT-2 -> GPT-2 CONTROL, not a Qwen base-vs-SFT result: 12 layers / 9 tokens / prompt ""Explain the moon landing in one paragraph."" Both sides are the SAME model, so kl_div and norm_diff are identically 0.0 and cosine_sim is 1.0 across all 6 pairwise blocks. The two KL PNGs are byte-identical between item_N and item_N+9 BECAUSE they are flat zero - expected, not a defect. The real Qwen comparison lives in mi-base-vs-sft-divergence."
mi/plots/residual-divergence/item_13_reverse_sentences_sft_unembed/tracked_1400_by_layer.png,export,182036,,,ttl,open,local-fs,mi-gpt2-control,2-logit-lens,C:\Users\spenc\Downloads\residual_plots\item_13_reverse_sentences_sft_unembed\tracked_1400_by_layer.png,"GPT-2 -> GPT-2 CONTROL, not a Qwen base-vs-SFT result: 12 layers / 9 tokens / prompt ""Explain the moon landing in one paragraph."" Both sides are the SAME model, so kl_div and norm_diff are identically 0.0 and cosine_sim is 1.0 across all 6 pairwise blocks. The two KL PNGs are byte-identical between item_N and item_N+9 BECAUSE they are flat zero - expected, not a defect. The real Qwen comparison lives in mi-base-vs-sft-divergence."
mi/plots/residual-divergence/item_13_reverse_sentences_sft_unembed/tracked_1400_by_token.png,export,233755,,,ttl,open,local-fs,mi-gpt2-control,2-logit-lens,C:\Users\spenc\Downloads\residual_plots\item_13_reverse_sentences_sft_unembed\tracked_1400_by_token.png,"GPT-2 -> GPT-2 CONTROL, not a Qwen base-vs-SFT result: 12 layers / 9 tokens / prompt ""Explain the moon landing in one paragraph."" Both sides are the SAME model, so kl_div and norm_diff are identically 0.0 and cosine_sim is 1.0 across all 6 pairwise blocks. The two KL PNGs are byte-identical between item_N and item_N+9 BECAUSE they are flat zero - expected, not a defect. The real Qwen comparison lives in mi-base-vs-sft-divergence."
mi/plots/residual-divergence/item_13_reverse_sentences_sft_unembed/tracked_3363_by_layer.png,export,281219,,,ttl,open,local-fs,mi-gpt2-control,2-logit-lens,C:\Users\spenc\Downloads\residual_plots\item_13_reverse_sentences_sft_unembed\tracked_3363_by_layer.png,"GPT-2 -> GPT-2 CONTROL, not a Qwen base-vs-SFT result: 12 layers / 9 tokens / prompt ""Explain the moon landing in one paragraph."" Both sides are the SAME model, so kl_div and norm_diff are identically 0.0 and cosine_sim is 1.0 across all 6 pairwise blocks. The two KL PNGs are byte-identical between item_N and item_N+9 BECAUSE they are flat zero - expected, not a defect. The real Qwen comparison lives in mi-base-vs-sft-divergence."
mi/plots/residual-divergence/item_13_reverse_sentences_sft_unembed/tracked_3363_by_token.png,export,344577,,,ttl,open,local-fs,mi-gpt2-control,2-logit-lens,C:\Users\spenc\Downloads\residual_plots\item_13_reverse_sentences_sft_unembed\tracked_3363_by_token.png,"GPT-2 -> GPT-2 CONTROL, not a Qwen base-vs-SFT result: 12 layers / 9 tokens / prompt ""Explain the moon landing in one paragraph."" Both sides are the SAME model, so kl_div and norm_diff are identically 0.0 and cosine_sim is 1.0 across all 6 pairwise blocks. The two KL PNGs are byte-identical between item_N and item_N+9 BECAUSE they are flat zero - expected, not a defect. The real Qwen comparison lives in mi-base-vs-sft-divergence."
mi/plots/residual-divergence/item_14_reverse_sentences_sft_embedding/cosine_sim_by_layer.png,export,328251,,,ttl,open,local-fs,mi-gpt2-control,2-logit-lens,C:\Users\spenc\Downloads\residual_plots\item_14_reverse_sentences_sft_embedding\cosine_sim_by_layer.png,"GPT-2 -> GPT-2 CONTROL, not a Qwen base-vs-SFT result: 12 layers / 9 tokens / prompt ""Explain the moon landing in one paragraph."" Both sides are the SAME model, so kl_div and norm_diff are identically 0.0 and cosine_sim is 1.0 across all 6 pairwise blocks. The two KL PNGs are byte-identical between item_N and item_N+9 BECAUSE they are flat zero - expected, not a defect. The real Qwen comparison lives in mi-base-vs-sft-divergence."
mi/plots/residual-divergence/item_14_reverse_sentences_sft_embedding/cosine_sim_by_token.png,export,345126,,,ttl,open,local-fs,mi-gpt2-control,2-logit-lens,C:\Users\spenc\Downloads\residual_plots\item_14_reverse_sentences_sft_embedding\cosine_sim_by_token.png,"GPT-2 -> GPT-2 CONTROL, not a Qwen base-vs-SFT result: 12 layers / 9 tokens / prompt ""Explain the moon landing in one paragraph."" Both sides are the SAME model, so kl_div and norm_diff are identically 0.0 and cosine_sim is 1.0 across all 6 pairwise blocks. The two KL PNGs are byte-identical between item_N and item_N+9 BECAUSE they are flat zero - expected, not a defect. The real Qwen comparison lives in mi-base-vs-sft-divergence."
mi/plots/residual-divergence/item_14_reverse_sentences_sft_embedding/entropy_by_layer.png,export,249594,,,ttl,open,local-fs,mi-gpt2-control,2-logit-lens,C:\Users\spenc\Downloads\residual_plots\item_14_reverse_sentences_sft_embedding\entropy_by_layer.png,"GPT-2 -> GPT-2 CONTROL, not a Qwen base-vs-SFT result: 12 layers / 9 tokens / prompt ""Explain the moon landing in one paragraph."" Both sides are the SAME model, so kl_div and norm_diff are identically 0.0 and cosine_sim is 1.0 across all 6 pairwise blocks. The two KL PNGs are byte-identical between item_N and item_N+9 BECAUSE they are flat zero - expected, not a defect. The real Qwen comparison lives in mi-base-vs-sft-divergence."
mi/plots/residual-divergence/item_14_reverse_sentences_sft_embedding/entropy_by_token.png,export,303197,,,ttl,open,local-fs,mi-gpt2-control,2-logit-lens,C:\Users\spenc\Downloads\residual_plots\item_14_reverse_sentences_sft_embedding\entropy_by_token.png,"GPT-2 -> GPT-2 CONTROL, not a Qwen base-vs-SFT result: 12 layers / 9 tokens / prompt ""Explain the moon landing in one paragraph."" Both sides are the SAME model, so kl_div and norm_diff are identically 0.0 and cosine_sim is 1.0 across all 6 pairwise blocks. The two KL PNGs are byte-identical between item_N and item_N+9 BECAUSE they are flat zero - expected, not a defect. The real Qwen comparison lives in mi-base-vs-sft-divergence."
mi/plots/residual-divergence/item_14_reverse_sentences_sft_embedding/kl_div_by_layer.png,export,66486,,,ttl,open,local-fs,mi-gpt2-control,2-logit-lens,C:\Users\spenc\Downloads\residual_plots\item_14_reverse_sentences_sft_embedding\kl_div_by_layer.png,"GPT-2 -> GPT-2 CONTROL, not a Qwen base-vs-SFT result: 12 layers / 9 tokens / prompt ""Explain the moon landing in one paragraph."" Both sides are the SAME model, so kl_div and norm_diff are identically 0.0 and cosine_sim is 1.0 across all 6 pairwise blocks. The two KL PNGs are byte-identical between item_N and item_N+9 BECAUSE they are flat zero - expected, not a defect. The real Qwen comparison lives in mi-base-vs-sft-divergence."
mi/plots/residual-divergence/item_14_reverse_sentences_sft_embedding/kl_div_by_token.png,export,96963,,,ttl,open,local-fs,mi-gpt2-control,2-logit-lens,C:\Users\spenc\Downloads\residual_plots\item_14_reverse_sentences_sft_embedding\kl_div_by_token.png,"GPT-2 -> GPT-2 CONTROL, not a Qwen base-vs-SFT result: 12 layers / 9 tokens / prompt ""Explain the moon landing in one paragraph."" Both sides are the SAME model, so kl_div and norm_diff are identically 0.0 and cosine_sim is 1.0 across all 6 pairwise blocks. The two KL PNGs are byte-identical between item_N and item_N+9 BECAUSE they are flat zero - expected, not a defect. The real Qwen comparison lives in mi-base-vs-sft-divergence."
mi/plots/residual-divergence/item_14_reverse_sentences_sft_embedding/norm_by_layer.png,export,157595,,,ttl,open,local-fs,mi-gpt2-control,2-logit-lens,C:\Users\spenc\Downloads\residual_plots\item_14_reverse_sentences_sft_embedding\norm_by_layer.png,"GPT-2 -> GPT-2 CONTROL, not a Qwen base-vs-SFT result: 12 layers / 9 tokens / prompt ""Explain the moon landing in one paragraph."" Both sides are the SAME model, so kl_div and norm_diff are identically 0.0 and cosine_sim is 1.0 across all 6 pairwise blocks. The two KL PNGs are byte-identical between item_N and item_N+9 BECAUSE they are flat zero - expected, not a defect. The real Qwen comparison lives in mi-base-vs-sft-divergence."
mi/plots/residual-divergence/item_14_reverse_sentences_sft_embedding/norm_by_token.png,export,244080,,,ttl,open,local-fs,mi-gpt2-control,2-logit-lens,C:\Users\spenc\Downloads\residual_plots\item_14_reverse_sentences_sft_embedding\norm_by_token.png,"GPT-2 -> GPT-2 CONTROL, not a Qwen base-vs-SFT result: 12 layers / 9 tokens / prompt ""Explain the moon landing in one paragraph."" Both sides are the SAME model, so kl_div and norm_diff are identically 0.0 and cosine_sim is 1.0 across all 6 pairwise blocks. The two KL PNGs are byte-identical between item_N and item_N+9 BECAUSE they are flat zero - expected, not a defect. The real Qwen comparison lives in mi-base-vs-sft-divergence."
mi/plots/residual-divergence/item_14_reverse_sentences_sft_embedding/tracked_1400_by_layer.png,export,182389,,,ttl,open,local-fs,mi-gpt2-control,2-logit-lens,C:\Users\spenc\Downloads\residual_plots\item_14_reverse_sentences_sft_embedding\tracked_1400_by_layer.png,"GPT-2 -> GPT-2 CONTROL, not a Qwen base-vs-SFT result: 12 layers / 9 tokens / prompt ""Explain the moon landing in one paragraph."" Both sides are the SAME model, so kl_div and norm_diff are identically 0.0 and cosine_sim is 1.0 across all 6 pairwise blocks. The two KL PNGs are byte-identical between item_N and item_N+9 BECAUSE they are flat zero - expected, not a defect. The real Qwen comparison lives in mi-base-vs-sft-divergence."
mi/plots/residual-divergence/item_14_reverse_sentences_sft_embedding/tracked_1400_by_token.png,export,234180,,,ttl,open,local-fs,mi-gpt2-control,2-logit-lens,C:\Users\spenc\Downloads\residual_plots\item_14_reverse_sentences_sft_embedding\tracked_1400_by_token.png,"GPT-2 -> GPT-2 CONTROL, not a Qwen base-vs-SFT result: 12 layers / 9 tokens / prompt ""Explain the moon landing in one paragraph."" Both sides are the SAME model, so kl_div and norm_diff are identically 0.0 and cosine_sim is 1.0 across all 6 pairwise blocks. The two KL PNGs are byte-identical between item_N and item_N+9 BECAUSE they are flat zero - expected, not a defect. The real Qwen comparison lives in mi-base-vs-sft-divergence."
mi/plots/residual-divergence/item_14_reverse_sentences_sft_embedding/tracked_3363_by_layer.png,export,281589,,,ttl,open,local-fs,mi-gpt2-control,2-logit-lens,C:\Users\spenc\Downloads\residual_plots\item_14_reverse_sentences_sft_embedding\tracked_3363_by_layer.png,"GPT-2 -> GPT-2 CONTROL, not a Qwen base-vs-SFT result: 12 layers / 9 tokens / prompt ""Explain the moon landing in one paragraph."" Both sides are the SAME model, so kl_div and norm_diff are identically 0.0 and cosine_sim is 1.0 across all 6 pairwise blocks. The two KL PNGs are byte-identical between item_N and item_N+9 BECAUSE they are flat zero - expected, not a defect. The real Qwen comparison lives in mi-base-vs-sft-divergence."
mi/plots/residual-divergence/item_14_reverse_sentences_sft_embedding/tracked_3363_by_token.png,export,344979,,,ttl,open,local-fs,mi-gpt2-control,2-logit-lens,C:\Users\spenc\Downloads\residual_plots\item_14_reverse_sentences_sft_embedding\tracked_3363_by_token.png,"GPT-2 -> GPT-2 CONTROL, not a Qwen base-vs-SFT result: 12 layers / 9 tokens / prompt ""Explain the moon landing in one paragraph."" Both sides are the SAME model, so kl_div and norm_diff are identically 0.0 and cosine_sim is 1.0 across all 6 pairwise blocks. The two KL PNGs are byte-identical between item_N and item_N+9 BECAUSE they are flat zero - expected, not a defect. The real Qwen comparison lives in mi-base-vs-sft-divergence."
mi/plots/residual-divergence/item_15_dual_channel_default/cosine_sim_by_layer.png,export,321603,,,ttl,open,local-fs,mi-gpt2-control,2-logit-lens,C:\Users\spenc\Downloads\residual_plots\item_15_dual_channel_default\cosine_sim_by_layer.png,"GPT-2 -> GPT-2 CONTROL, not a Qwen base-vs-SFT result: 12 layers / 9 tokens / prompt ""Explain the moon landing in one paragraph."" Both sides are the SAME model, so kl_div and norm_diff are identically 0.0 and cosine_sim is 1.0 across all 6 pairwise blocks. The two KL PNGs are byte-identical between item_N and item_N+9 BECAUSE they are flat zero - expected, not a defect. The real Qwen comparison lives in mi-base-vs-sft-divergence."
mi/plots/residual-divergence/item_15_dual_channel_default/cosine_sim_by_token.png,export,324456,,,ttl,open,local-fs,mi-gpt2-control,2-logit-lens,C:\Users\spenc\Downloads\residual_plots\item_15_dual_channel_default\cosine_sim_by_token.png,"GPT-2 -> GPT-2 CONTROL, not a Qwen base-vs-SFT result: 12 layers / 9 tokens / prompt ""Explain the moon landing in one paragraph."" Both sides are the SAME model, so kl_div and norm_diff are identically 0.0 and cosine_sim is 1.0 across all 6 pairwise blocks. The two KL PNGs are byte-identical between item_N and item_N+9 BECAUSE they are flat zero - expected, not a defect. The real Qwen comparison lives in mi-base-vs-sft-divergence."
mi/plots/residual-divergence/item_15_dual_channel_default/entropy_by_layer.png,export,284268,,,ttl,open,local-fs,mi-gpt2-control,2-logit-lens,C:\Users\spenc\Downloads\residual_plots\item_15_dual_channel_default\entropy_by_layer.png,"GPT-2 -> GPT-2 CONTROL, not a Qwen base-vs-SFT result: 12 layers / 9 tokens / prompt ""Explain the moon landing in one paragraph."" Both sides are the SAME model, so kl_div and norm_diff are identically 0.0 and cosine_sim is 1.0 across all 6 pairwise blocks. The two KL PNGs are byte-identical between item_N and item_N+9 BECAUSE they are flat zero - expected, not a defect. The real Qwen comparison lives in mi-base-vs-sft-divergence."
mi/plots/residual-divergence/item_15_dual_channel_default/entropy_by_token.png,export,318874,,,ttl,open,local-fs,mi-gpt2-control,2-logit-lens,C:\Users\spenc\Downloads\residual_plots\item_15_dual_channel_default\entropy_by_token.png,"GPT-2 -> GPT-2 CONTROL, not a Qwen base-vs-SFT result: 12 layers / 9 tokens / prompt ""Explain the moon landing in one paragraph."" Both sides are the SAME model, so kl_div and norm_diff are identically 0.0 and cosine_sim is 1.0 across all 6 pairwise blocks. The two KL PNGs are byte-identical between item_N and item_N+9 BECAUSE they are flat zero - expected, not a defect. The real Qwen comparison lives in mi-base-vs-sft-divergence."
mi/plots/residual-divergence/item_15_dual_channel_default/kl_div_by_layer.png,export,63453,,,ttl,open,local-fs,mi-gpt2-control,2-logit-lens,C:\Users\spenc\Downloads\residual_plots\item_15_dual_channel_default\kl_div_by_layer.png,"GPT-2 -> GPT-2 CONTROL, not a Qwen base-vs-SFT result: 12 layers / 9 tokens / prompt ""Explain the moon landing in one paragraph."" Both sides are the SAME model, so kl_div and norm_diff are identically 0.0 and cosine_sim is 1.0 across all 6 pairwise blocks. The two KL PNGs are byte-identical between item_N and item_N+9 BECAUSE they are flat zero - expected, not a defect. The real Qwen comparison lives in mi-base-vs-sft-divergence."
mi/plots/residual-divergence/item_15_dual_channel_default/kl_div_by_token.png,export,94148,,,ttl,open,local-fs,mi-gpt2-control,2-logit-lens,C:\Users\spenc\Downloads\residual_plots\item_15_dual_channel_default\kl_div_by_token.png,"GPT-2 -> GPT-2 CONTROL, not a Qwen base-vs-SFT result: 12 layers / 9 tokens / prompt ""Explain the moon landing in one paragraph."" Both sides are the SAME model, so kl_div and norm_diff are identically 0.0 and cosine_sim is 1.0 across all 6 pairwise blocks. The two KL PNGs are byte-identical between item_N and item_N+9 BECAUSE they are flat zero - expected, not a defect. The real Qwen comparison lives in mi-base-vs-sft-divergence."
mi/plots/residual-divergence/item_15_dual_channel_default/norm_by_layer.png,export,155464,,,ttl,open,local-fs,mi-gpt2-control,2-logit-lens,C:\Users\spenc\Downloads\residual_plots\item_15_dual_channel_default\norm_by_layer.png,"GPT-2 -> GPT-2 CONTROL, not a Qwen base-vs-SFT result: 12 layers / 9 tokens / prompt ""Explain the moon landing in one paragraph."" Both sides are the SAME model, so kl_div and norm_diff are identically 0.0 and cosine_sim is 1.0 across all 6 pairwise blocks. The two KL PNGs are byte-identical between item_N and item_N+9 BECAUSE they are flat zero - expected, not a defect. The real Qwen comparison lives in mi-base-vs-sft-divergence."
mi/plots/residual-divergence/item_15_dual_channel_default/norm_by_token.png,export,243688,,,ttl,open,local-fs,mi-gpt2-control,2-logit-lens,C:\Users\spenc\Downloads\residual_plots\item_15_dual_channel_default\norm_by_token.png,"GPT-2 -> GPT-2 CONTROL, not a Qwen base-vs-SFT result: 12 layers / 9 tokens / prompt ""Explain the moon landing in one paragraph."" Both sides are the SAME model, so kl_div and norm_diff are identically 0.0 and cosine_sim is 1.0 across all 6 pairwise blocks. The two KL PNGs are byte-identical between item_N and item_N+9 BECAUSE they are flat zero - expected, not a defect. The real Qwen comparison lives in mi-base-vs-sft-divergence."
mi/plots/residual-divergence/item_15_dual_channel_default/tracked_1400_by_layer.png,export,174392,,,ttl,open,local-fs,mi-gpt2-control,2-logit-lens,C:\Users\spenc\Downloads\residual_plots\item_15_dual_channel_default\tracked_1400_by_layer.png,"GPT-2 -> GPT-2 CONTROL, not a Qwen base-vs-SFT result: 12 layers / 9 tokens / prompt ""Explain the moon landing in one paragraph."" Both sides are the SAME model, so kl_div and norm_diff are identically 0.0 and cosine_sim is 1.0 across all 6 pairwise blocks. The two KL PNGs are byte-identical between item_N and item_N+9 BECAUSE they are flat zero - expected, not a defect. The real Qwen comparison lives in mi-base-vs-sft-divergence."
mi/plots/residual-divergence/item_15_dual_channel_default/tracked_1400_by_token.png,export,236298,,,ttl,open,local-fs,mi-gpt2-control,2-logit-lens,C:\Users\spenc\Downloads\residual_plots\item_15_dual_channel_default\tracked_1400_by_token.png,"GPT-2 -> GPT-2 CONTROL, not a Qwen base-vs-SFT result: 12 layers / 9 tokens / prompt ""Explain the moon landing in one paragraph."" Both sides are the SAME model, so kl_div and norm_diff are identically 0.0 and cosine_sim is 1.0 across all 6 pairwise blocks. The two KL PNGs are byte-identical between item_N and item_N+9 BECAUSE they are flat zero - expected, not a defect. The real Qwen comparison lives in mi-base-vs-sft-divergence."
mi/plots/residual-divergence/item_15_dual_channel_default/tracked_3363_by_layer.png,export,270701,,,ttl,open,local-fs,mi-gpt2-control,2-logit-lens,C:\Users\spenc\Downloads\residual_plots\item_15_dual_channel_default\tracked_3363_by_layer.png,"GPT-2 -> GPT-2 CONTROL, not a Qwen base-vs-SFT result: 12 layers / 9 tokens / prompt ""Explain the moon landing in one paragraph."" Both sides are the SAME model, so kl_div and norm_diff are identically 0.0 and cosine_sim is 1.0 across all 6 pairwise blocks. The two KL PNGs are byte-identical between item_N and item_N+9 BECAUSE they are flat zero - expected, not a defect. The real Qwen comparison lives in mi-base-vs-sft-divergence."
mi/plots/residual-divergence/item_15_dual_channel_default/tracked_3363_by_token.png,export,332829,,,ttl,open,local-fs,mi-gpt2-control,2-logit-lens,C:\Users\spenc\Downloads\residual_plots\item_15_dual_channel_default\tracked_3363_by_token.png,"GPT-2 -> GPT-2 CONTROL, not a Qwen base-vs-SFT result: 12 layers / 9 tokens / prompt ""Explain the moon landing in one paragraph."" Both sides are the SAME model, so kl_div and norm_diff are identically 0.0 and cosine_sim is 1.0 across all 6 pairwise blocks. The two KL PNGs are byte-identical between item_N and item_N+9 BECAUSE they are flat zero - expected, not a defect. The real Qwen comparison lives in mi-base-vs-sft-divergence."
mi/plots/residual-divergence/item_16_dual_channel_sft_unembed/cosine_sim_by_layer.png,export,323011,,,ttl,open,local-fs,mi-gpt2-control,2-logit-lens,C:\Users\spenc\Downloads\residual_plots\item_16_dual_channel_sft_unembed\cosine_sim_by_layer.png,"GPT-2 -> GPT-2 CONTROL, not a Qwen base-vs-SFT result: 12 layers / 9 tokens / prompt ""Explain the moon landing in one paragraph."" Both sides are the SAME model, so kl_div and norm_diff are identically 0.0 and cosine_sim is 1.0 across all 6 pairwise blocks. The two KL PNGs are byte-identical between item_N and item_N+9 BECAUSE they are flat zero - expected, not a defect. The real Qwen comparison lives in mi-base-vs-sft-divergence."
mi/plots/residual-divergence/item_16_dual_channel_sft_unembed/cosine_sim_by_token.png,export,325875,,,ttl,open,local-fs,mi-gpt2-control,2-logit-lens,C:\Users\spenc\Downloads\residual_plots\item_16_dual_channel_sft_unembed\cosine_sim_by_token.png,"GPT-2 -> GPT-2 CONTROL, not a Qwen base-vs-SFT result: 12 layers / 9 tokens / prompt ""Explain the moon landing in one paragraph."" Both sides are the SAME model, so kl_div and norm_diff are identically 0.0 and cosine_sim is 1.0 across all 6 pairwise blocks. The two KL PNGs are byte-identical between item_N and item_N+9 BECAUSE they are flat zero - expected, not a defect. The real Qwen comparison lives in mi-base-vs-sft-divergence."
mi/plots/residual-divergence/item_16_dual_channel_sft_unembed/entropy_by_layer.png,export,285691,,,ttl,open,local-fs,mi-gpt2-control,2-logit-lens,C:\Users\spenc\Downloads\residual_plots\item_16_dual_channel_sft_unembed\entropy_by_layer.png,"GPT-2 -> GPT-2 CONTROL, not a Qwen base-vs-SFT result: 12 layers / 9 tokens / prompt ""Explain the moon landing in one paragraph."" Both sides are the SAME model, so kl_div and norm_diff are identically 0.0 and cosine_sim is 1.0 across all 6 pairwise blocks. The two KL PNGs are byte-identical between item_N and item_N+9 BECAUSE they are flat zero - expected, not a defect. The real Qwen comparison lives in mi-base-vs-sft-divergence."
mi/plots/residual-divergence/item_16_dual_channel_sft_unembed/entropy_by_token.png,export,320367,,,ttl,open,local-fs,mi-gpt2-control,2-logit-lens,C:\Users\spenc\Downloads\residual_plots\item_16_dual_channel_sft_unembed\entropy_by_token.png,"GPT-2 -> GPT-2 CONTROL, not a Qwen base-vs-SFT result: 12 layers / 9 tokens / prompt ""Explain the moon landing in one paragraph."" Both sides are the SAME model, so kl_div and norm_diff are identically 0.0 and cosine_sim is 1.0 across all 6 pairwise blocks. The two KL PNGs are byte-identical between item_N and item_N+9 BECAUSE they are flat zero - expected, not a defect. The real Qwen comparison lives in mi-base-vs-sft-divergence."
mi/plots/residual-divergence/item_16_dual_channel_sft_unembed/kl_div_by_layer.png,export,64823,,,ttl,open,local-fs,mi-gpt2-control,2-logit-lens,C:\Users\spenc\Downloads\residual_plots\item_16_dual_channel_sft_unembed\kl_div_by_layer.png,"GPT-2 -> GPT-2 CONTROL, not a Qwen base-vs-SFT result: 12 layers / 9 tokens / prompt ""Explain the moon landing in one paragraph."" Both sides are the SAME model, so kl_div and norm_diff are identically 0.0 and cosine_sim is 1.0 across all 6 pairwise blocks. The two KL PNGs are byte-identical between item_N and item_N+9 BECAUSE they are flat zero - expected, not a defect. The real Qwen comparison lives in mi-base-vs-sft-divergence."
mi/plots/residual-divergence/item_16_dual_channel_sft_unembed/kl_div_by_token.png,export,95507,,,ttl,open,local-fs,mi-gpt2-control,2-logit-lens,C:\Users\spenc\Downloads\residual_plots\item_16_dual_channel_sft_unembed\kl_div_by_token.png,"GPT-2 -> GPT-2 CONTROL, not a Qwen base-vs-SFT result: 12 layers / 9 tokens / prompt ""Explain the moon landing in one paragraph."" Both sides are the SAME model, so kl_div and norm_diff are identically 0.0 and cosine_sim is 1.0 across all 6 pairwise blocks. The two KL PNGs are byte-identical between item_N and item_N+9 BECAUSE they are flat zero - expected, not a defect. The real Qwen comparison lives in mi-base-vs-sft-divergence."
mi/plots/residual-divergence/item_16_dual_channel_sft_unembed/norm_by_layer.png,export,156667,,,ttl,open,local-fs,mi-gpt2-control,2-logit-lens,C:\Users\spenc\Downloads\residual_plots\item_16_dual_channel_sft_unembed\norm_by_layer.png,"GPT-2 -> GPT-2 CONTROL, not a Qwen base-vs-SFT result: 12 layers / 9 tokens / prompt ""Explain the moon landing in one paragraph."" Both sides are the SAME model, so kl_div and norm_diff are identically 0.0 and cosine_sim is 1.0 across all 6 pairwise blocks. The two KL PNGs are byte-identical between item_N and item_N+9 BECAUSE they are flat zero - expected, not a defect. The real Qwen comparison lives in mi-base-vs-sft-divergence."
mi/plots/residual-divergence/item_16_dual_channel_sft_unembed/norm_by_token.png,export,245116,,,ttl,open,local-fs,mi-gpt2-control,2-logit-lens,C:\Users\spenc\Downloads\residual_plots\item_16_dual_channel_sft_unembed\norm_by_token.png,"GPT-2 -> GPT-2 CONTROL, not a Qwen base-vs-SFT result: 12 layers / 9 tokens / prompt ""Explain the moon landing in one paragraph."" Both sides are the SAME model, so kl_div and norm_diff are identically 0.0 and cosine_sim is 1.0 across all 6 pairwise blocks. The two KL PNGs are byte-identical between item_N and item_N+9 BECAUSE they are flat zero - expected, not a defect. The real Qwen comparison lives in mi-base-vs-sft-divergence."
mi/plots/residual-divergence/item_16_dual_channel_sft_unembed/tracked_1400_by_layer.png,export,175519,,,ttl,open,local-fs,mi-gpt2-control,2-logit-lens,C:\Users\spenc\Downloads\residual_plots\item_16_dual_channel_sft_unembed\tracked_1400_by_layer.png,"GPT-2 -> GPT-2 CONTROL, not a Qwen base-vs-SFT result: 12 layers / 9 tokens / prompt ""Explain the moon landing in one paragraph."" Both sides are the SAME model, so kl_div and norm_diff are identically 0.0 and cosine_sim is 1.0 across all 6 pairwise blocks. The two KL PNGs are byte-identical between item_N and item_N+9 BECAUSE they are flat zero - expected, not a defect. The real Qwen comparison lives in mi-base-vs-sft-divergence."
mi/plots/residual-divergence/item_16_dual_channel_sft_unembed/tracked_1400_by_token.png,export,237674,,,ttl,open,local-fs,mi-gpt2-control,2-logit-lens,C:\Users\spenc\Downloads\residual_plots\item_16_dual_channel_sft_unembed\tracked_1400_by_token.png,"GPT-2 -> GPT-2 CONTROL, not a Qwen base-vs-SFT result: 12 layers / 9 tokens / prompt ""Explain the moon landing in one paragraph."" Both sides are the SAME model, so kl_div and norm_diff are identically 0.0 and cosine_sim is 1.0 across all 6 pairwise blocks. The two KL PNGs are byte-identical between item_N and item_N+9 BECAUSE they are flat zero - expected, not a defect. The real Qwen comparison lives in mi-base-vs-sft-divergence."
mi/plots/residual-divergence/item_16_dual_channel_sft_unembed/tracked_3363_by_layer.png,export,272106,,,ttl,open,local-fs,mi-gpt2-control,2-logit-lens,C:\Users\spenc\Downloads\residual_plots\item_16_dual_channel_sft_unembed\tracked_3363_by_layer.png,"GPT-2 -> GPT-2 CONTROL, not a Qwen base-vs-SFT result: 12 layers / 9 tokens / prompt ""Explain the moon landing in one paragraph."" Both sides are the SAME model, so kl_div and norm_diff are identically 0.0 and cosine_sim is 1.0 across all 6 pairwise blocks. The two KL PNGs are byte-identical between item_N and item_N+9 BECAUSE they are flat zero - expected, not a defect. The real Qwen comparison lives in mi-base-vs-sft-divergence."
mi/plots/residual-divergence/item_16_dual_channel_sft_unembed/tracked_3363_by_token.png,export,334199,,,ttl,open,local-fs,mi-gpt2-control,2-logit-lens,C:\Users\spenc\Downloads\residual_plots\item_16_dual_channel_sft_unembed\tracked_3363_by_token.png,"GPT-2 -> GPT-2 CONTROL, not a Qwen base-vs-SFT result: 12 layers / 9 tokens / prompt ""Explain the moon landing in one paragraph."" Both sides are the SAME model, so kl_div and norm_diff are identically 0.0 and cosine_sim is 1.0 across all 6 pairwise blocks. The two KL PNGs are byte-identical between item_N and item_N+9 BECAUSE they are flat zero - expected, not a defect. The real Qwen comparison lives in mi-base-vs-sft-divergence."
mi/plots/residual-divergence/item_17_dual_channel_sft_embedding/cosine_sim_by_layer.png,export,324008,,,ttl,open,local-fs,mi-gpt2-control,2-logit-lens,C:\Users\spenc\Downloads\residual_plots\item_17_dual_channel_sft_embedding\cosine_sim_by_layer.png,"GPT-2 -> GPT-2 CONTROL, not a Qwen base-vs-SFT result: 12 layers / 9 tokens / prompt ""Explain the moon landing in one paragraph."" Both sides are the SAME model, so kl_div and norm_diff are identically 0.0 and cosine_sim is 1.0 across all 6 pairwise blocks. The two KL PNGs are byte-identical between item_N and item_N+9 BECAUSE they are flat zero - expected, not a defect. The real Qwen comparison lives in mi-base-vs-sft-divergence."
mi/plots/residual-divergence/item_17_dual_channel_sft_embedding/cosine_sim_by_token.png,export,326873,,,ttl,open,local-fs,mi-gpt2-control,2-logit-lens,C:\Users\spenc\Downloads\residual_plots\item_17_dual_channel_sft_embedding\cosine_sim_by_token.png,"GPT-2 -> GPT-2 CONTROL, not a Qwen base-vs-SFT result: 12 layers / 9 tokens / prompt ""Explain the moon landing in one paragraph."" Both sides are the SAME model, so kl_div and norm_diff are identically 0.0 and cosine_sim is 1.0 across all 6 pairwise blocks. The two KL PNGs are byte-identical between item_N and item_N+9 BECAUSE they are flat zero - expected, not a defect. The real Qwen comparison lives in mi-base-vs-sft-divergence."
mi/plots/residual-divergence/item_17_dual_channel_sft_embedding/entropy_by_layer.png,export,286666,,,ttl,open,local-fs,mi-gpt2-control,2-logit-lens,C:\Users\spenc\Downloads\residual_plots\item_17_dual_channel_sft_embedding\entropy_by_layer.png,"GPT-2 -> GPT-2 CONTROL, not a Qwen base-vs-SFT result: 12 layers / 9 tokens / prompt ""Explain the moon landing in one paragraph."" Both sides are the SAME model, so kl_div and norm_diff are identically 0.0 and cosine_sim is 1.0 across all 6 pairwise blocks. The two KL PNGs are byte-identical between item_N and item_N+9 BECAUSE they are flat zero - expected, not a defect. The real Qwen comparison lives in mi-base-vs-sft-divergence."
mi/plots/residual-divergence/item_17_dual_channel_sft_embedding/entropy_by_token.png,export,321428,,,ttl,open,local-fs,mi-gpt2-control,2-logit-lens,C:\Users\spenc\Downloads\residual_plots\item_17_dual_channel_sft_embedding\entropy_by_token.png,"GPT-2 -> GPT-2 CONTROL, not a Qwen base-vs-SFT result: 12 layers / 9 tokens / prompt ""Explain the moon landing in one paragraph."" Both sides are the SAME model, so kl_div and norm_diff are identically 0.0 and cosine_sim is 1.0 across all 6 pairwise blocks. The two KL PNGs are byte-identical between item_N and item_N+9 BECAUSE they are flat zero - expected, not a defect. The real Qwen comparison lives in mi-base-vs-sft-divergence."
mi/plots/residual-divergence/item_17_dual_channel_sft_embedding/kl_div_by_layer.png,export,65845,,,ttl,open,local-fs,mi-gpt2-control,2-logit-lens,C:\Users\spenc\Downloads\residual_plots\item_17_dual_channel_sft_embedding\kl_div_by_layer.png,"GPT-2 -> GPT-2 CONTROL, not a Qwen base-vs-SFT result: 12 layers / 9 tokens / prompt ""Explain the moon landing in one paragraph."" Both sides are the SAME model, so kl_div and norm_diff are identically 0.0 and cosine_sim is 1.0 across all 6 pairwise blocks. The two KL PNGs are byte-identical between item_N and item_N+9 BECAUSE they are flat zero - expected, not a defect. The real Qwen comparison lives in mi-base-vs-sft-divergence."
mi/plots/residual-divergence/item_17_dual_channel_sft_embedding/kl_div_by_token.png,export,96373,,,ttl,open,local-fs,mi-gpt2-control,2-logit-lens,C:\Users\spenc\Downloads\residual_plots\item_17_dual_channel_sft_embedding\kl_div_by_token.png,"GPT-2 -> GPT-2 CONTROL, not a Qwen base-vs-SFT result: 12 layers / 9 tokens / prompt ""Explain the moon landing in one paragraph."" Both sides are the SAME model, so kl_div and norm_diff are identically 0.0 and cosine_sim is 1.0 across all 6 pairwise blocks. The two KL PNGs are byte-identical between item_N and item_N+9 BECAUSE they are flat zero - expected, not a defect. The real Qwen comparison lives in mi-base-vs-sft-divergence."
mi/plots/residual-divergence/item_17_dual_channel_sft_embedding/norm_by_layer.png,export,157591,,,ttl,open,local-fs,mi-gpt2-control,2-logit-lens,C:\Users\spenc\Downloads\residual_plots\item_17_dual_channel_sft_embedding\norm_by_layer.png,"GPT-2 -> GPT-2 CONTROL, not a Qwen base-vs-SFT result: 12 layers / 9 tokens / prompt ""Explain the moon landing in one paragraph."" Both sides are the SAME model, so kl_div and norm_diff are identically 0.0 and cosine_sim is 1.0 across all 6 pairwise blocks. The two KL PNGs are byte-identical between item_N and item_N+9 BECAUSE they are flat zero - expected, not a defect. The real Qwen comparison lives in mi-base-vs-sft-divergence."
mi/plots/residual-divergence/item_17_dual_channel_sft_embedding/norm_by_token.png,export,246070,,,ttl,open,local-fs,mi-gpt2-control,2-logit-lens,C:\Users\spenc\Downloads\residual_plots\item_17_dual_channel_sft_embedding\norm_by_token.png,"GPT-2 -> GPT-2 CONTROL, not a Qwen base-vs-SFT result: 12 layers / 9 tokens / prompt ""Explain the moon landing in one paragraph."" Both sides are the SAME model, so kl_div and norm_diff are identically 0.0 and cosine_sim is 1.0 across all 6 pairwise blocks. The two KL PNGs are byte-identical between item_N and item_N+9 BECAUSE they are flat zero - expected, not a defect. The real Qwen comparison lives in mi-base-vs-sft-divergence."
mi/plots/residual-divergence/item_17_dual_channel_sft_embedding/tracked_1400_by_layer.png,export,176314,,,ttl,open,local-fs,mi-gpt2-control,2-logit-lens,C:\Users\spenc\Downloads\residual_plots\item_17_dual_channel_sft_embedding\tracked_1400_by_layer.png,"GPT-2 -> GPT-2 CONTROL, not a Qwen base-vs-SFT result: 12 layers / 9 tokens / prompt ""Explain the moon landing in one paragraph."" Both sides are the SAME model, so kl_div and norm_diff are identically 0.0 and cosine_sim is 1.0 across all 6 pairwise blocks. The two KL PNGs are byte-identical between item_N and item_N+9 BECAUSE they are flat zero - expected, not a defect. The real Qwen comparison lives in mi-base-vs-sft-divergence."
mi/plots/residual-divergence/item_17_dual_channel_sft_embedding/tracked_1400_by_token.png,export,238654,,,ttl,open,local-fs,mi-gpt2-control,2-logit-lens,C:\Users\spenc\Downloads\residual_plots\item_17_dual_channel_sft_embedding\tracked_1400_by_token.png,"GPT-2 -> GPT-2 CONTROL, not a Qwen base-vs-SFT result: 12 layers / 9 tokens / prompt ""Explain the moon landing in one paragraph."" Both sides are the SAME model, so kl_div and norm_diff are identically 0.0 and cosine_sim is 1.0 across all 6 pairwise blocks. The two KL PNGs are byte-identical between item_N and item_N+9 BECAUSE they are flat zero - expected, not a defect. The real Qwen comparison lives in mi-base-vs-sft-divergence."
mi/plots/residual-divergence/item_17_dual_channel_sft_embedding/tracked_3363_by_layer.png,export,273038,,,ttl,open,local-fs,mi-gpt2-control,2-logit-lens,C:\Users\spenc\Downloads\residual_plots\item_17_dual_channel_sft_embedding\tracked_3363_by_layer.png,"GPT-2 -> GPT-2 CONTROL, not a Qwen base-vs-SFT result: 12 layers / 9 tokens / prompt ""Explain the moon landing in one paragraph."" Both sides are the SAME model, so kl_div and norm_diff are identically 0.0 and cosine_sim is 1.0 across all 6 pairwise blocks. The two KL PNGs are byte-identical between item_N and item_N+9 BECAUSE they are flat zero - expected, not a defect. The real Qwen comparison lives in mi-base-vs-sft-divergence."
mi/plots/residual-divergence/item_17_dual_channel_sft_embedding/tracked_3363_by_token.png,export,335169,,,ttl,open,local-fs,mi-gpt2-control,2-logit-lens,C:\Users\spenc\Downloads\residual_plots\item_17_dual_channel_sft_embedding\tracked_3363_by_token.png,"GPT-2 -> GPT-2 CONTROL, not a Qwen base-vs-SFT result: 12 layers / 9 tokens / prompt ""Explain the moon landing in one paragraph."" Both sides are the SAME model, so kl_div and norm_diff are identically 0.0 and cosine_sim is 1.0 across all 6 pairwise blocks. The two KL PNGs are byte-identical between item_N and item_N+9 BECAUSE they are flat zero - expected, not a defect. The real Qwen comparison lives in mi-base-vs-sft-divergence."
mi/plots/residual-divergence/item_1_identity_sft_unembed/cosine_sim_by_layer.png,export,312070,,,ttl,open,local-fs,mi-gpt2-control,2-logit-lens,C:\Users\spenc\Downloads\residual_plots\item_1_identity_sft_unembed\cosine_sim_by_layer.png,"GPT-2 -> GPT-2 CONTROL, not a Qwen base-vs-SFT result: 12 layers / 9 tokens / prompt ""Explain the moon landing in one paragraph."" Both sides are the SAME model, so kl_div and norm_diff are identically 0.0 and cosine_sim is 1.0 across all 6 pairwise blocks. The two KL PNGs are byte-identical between item_N and item_N+9 BECAUSE they are flat zero - expected, not a defect. The real Qwen comparison lives in mi-base-vs-sft-divergence."
mi/plots/residual-divergence/item_1_identity_sft_unembed/cosine_sim_by_token.png,export,331535,,,ttl,open,local-fs,mi-gpt2-control,2-logit-lens,C:\Users\spenc\Downloads\residual_plots\item_1_identity_sft_unembed\cosine_sim_by_token.png,"GPT-2 -> GPT-2 CONTROL, not a Qwen base-vs-SFT result: 12 layers / 9 tokens / prompt ""Explain the moon landing in one paragraph."" Both sides are the SAME model, so kl_div and norm_diff are identically 0.0 and cosine_sim is 1.0 across all 6 pairwise blocks. The two KL PNGs are byte-identical between item_N and item_N+9 BECAUSE they are flat zero - expected, not a defect. The real Qwen comparison lives in mi-base-vs-sft-divergence."
mi/plots/residual-divergence/item_1_identity_sft_unembed/entropy_by_layer.png,export,227172,,,ttl,open,local-fs,mi-gpt2-control,2-logit-lens,C:\Users\spenc\Downloads\residual_plots\item_1_identity_sft_unembed\entropy_by_layer.png,"GPT-2 -> GPT-2 CONTROL, not a Qwen base-vs-SFT result: 12 layers / 9 tokens / prompt ""Explain the moon landing in one paragraph."" Both sides are the SAME model, so kl_div and norm_diff are identically 0.0 and cosine_sim is 1.0 across all 6 pairwise blocks. The two KL PNGs are byte-identical between item_N and item_N+9 BECAUSE they are flat zero - expected, not a defect. The real Qwen comparison lives in mi-base-vs-sft-divergence."
mi/plots/residual-divergence/item_1_identity_sft_unembed/entropy_by_token.png,export,284212,,,ttl,open,local-fs,mi-gpt2-control,2-logit-lens,C:\Users\spenc\Downloads\residual_plots\item_1_identity_sft_unembed\entropy_by_token.png,"GPT-2 -> GPT-2 CONTROL, not a Qwen base-vs-SFT result: 12 layers / 9 tokens / prompt ""Explain the moon landing in one paragraph."" Both sides are the SAME model, so kl_div and norm_diff are identically 0.0 and cosine_sim is 1.0 across all 6 pairwise blocks. The two KL PNGs are byte-identical between item_N and item_N+9 BECAUSE they are flat zero - expected, not a defect. The real Qwen comparison lives in mi-base-vs-sft-divergence."
mi/plots/residual-divergence/item_1_identity_sft_unembed/kl_div_by_layer.png,export,64085,,,ttl,open,local-fs,mi-gpt2-control,2-logit-lens,C:\Users\spenc\Downloads\residual_plots\item_1_identity_sft_unembed\kl_div_by_layer.png,"GPT-2 -> GPT-2 CONTROL, not a Qwen base-vs-SFT result: 12 layers / 9 tokens / prompt ""Explain the moon landing in one paragraph."" Both sides are the SAME model, so kl_div and norm_diff are identically 0.0 and cosine_sim is 1.0 across all 6 pairwise blocks. The two KL PNGs are byte-identical between item_N and item_N+9 BECAUSE they are flat zero - expected, not a defect. The real Qwen comparison lives in mi-base-vs-sft-divergence."
mi/plots/residual-divergence/item_1_identity_sft_unembed/kl_div_by_token.png,export,94823,,,ttl,open,local-fs,mi-gpt2-control,2-logit-lens,C:\Users\spenc\Downloads\residual_plots\item_1_identity_sft_unembed\kl_div_by_token.png,"GPT-2 -> GPT-2 CONTROL, not a Qwen base-vs-SFT result: 12 layers / 9 tokens / prompt ""Explain the moon landing in one paragraph."" Both sides are the SAME model, so kl_div and norm_diff are identically 0.0 and cosine_sim is 1.0 across all 6 pairwise blocks. The two KL PNGs are byte-identical between item_N and item_N+9 BECAUSE they are flat zero - expected, not a defect. The real Qwen comparison lives in mi-base-vs-sft-divergence."
mi/plots/residual-divergence/item_1_identity_sft_unembed/norm_by_layer.png,export,155154,,,ttl,open,local-fs,mi-gpt2-control,2-logit-lens,C:\Users\spenc\Downloads\residual_plots\item_1_identity_sft_unembed\norm_by_layer.png,"GPT-2 -> GPT-2 CONTROL, not a Qwen base-vs-SFT result: 12 layers / 9 tokens / prompt ""Explain the moon landing in one paragraph."" Both sides are the SAME model, so kl_div and norm_diff are identically 0.0 and cosine_sim is 1.0 across all 6 pairwise blocks. The two KL PNGs are byte-identical between item_N and item_N+9 BECAUSE they are flat zero - expected, not a defect. The real Qwen comparison lives in mi-base-vs-sft-divergence."
mi/plots/residual-divergence/item_1_identity_sft_unembed/norm_by_token.png,export,241949,,,ttl,open,local-fs,mi-gpt2-control,2-logit-lens,C:\Users\spenc\Downloads\residual_plots\item_1_identity_sft_unembed\norm_by_token.png,"GPT-2 -> GPT-2 CONTROL, not a Qwen base-vs-SFT result: 12 layers / 9 tokens / prompt ""Explain the moon landing in one paragraph."" Both sides are the SAME model, so kl_div and norm_diff are identically 0.0 and cosine_sim is 1.0 across all 6 pairwise blocks. The two KL PNGs are byte-identical between item_N and item_N+9 BECAUSE they are flat zero - expected, not a defect. The real Qwen comparison lives in mi-base-vs-sft-divergence."
mi/plots/residual-divergence/item_1_identity_sft_unembed/tracked_1400_by_layer.png,export,184814,,,ttl,open,local-fs,mi-gpt2-control,2-logit-lens,C:\Users\spenc\Downloads\residual_plots\item_1_identity_sft_unembed\tracked_1400_by_layer.png,"GPT-2 -> GPT-2 CONTROL, not a Qwen base-vs-SFT result: 12 layers / 9 tokens / prompt ""Explain the moon landing in one paragraph."" Both sides are the SAME model, so kl_div and norm_diff are identically 0.0 and cosine_sim is 1.0 across all 6 pairwise blocks. The two KL PNGs are byte-identical between item_N and item_N+9 BECAUSE they are flat zero - expected, not a defect. The real Qwen comparison lives in mi-base-vs-sft-divergence."
mi/plots/residual-divergence/item_1_identity_sft_unembed/tracked_1400_by_token.png,export,239684,,,ttl,open,local-fs,mi-gpt2-control,2-logit-lens,C:\Users\spenc\Downloads\residual_plots\item_1_identity_sft_unembed\tracked_1400_by_token.png,"GPT-2 -> GPT-2 CONTROL, not a Qwen base-vs-SFT result: 12 layers / 9 tokens / prompt ""Explain the moon landing in one paragraph."" Both sides are the SAME model, so kl_div and norm_diff are identically 0.0 and cosine_sim is 1.0 across all 6 pairwise blocks. The two KL PNGs are byte-identical between item_N and item_N+9 BECAUSE they are flat zero - expected, not a defect. The real Qwen comparison lives in mi-base-vs-sft-divergence."
mi/plots/residual-divergence/item_1_identity_sft_unembed/tracked_3363_by_layer.png,export,267476,,,ttl,open,local-fs,mi-gpt2-control,2-logit-lens,C:\Users\spenc\Downloads\residual_plots\item_1_identity_sft_unembed\tracked_3363_by_layer.png,"GPT-2 -> GPT-2 CONTROL, not a Qwen base-vs-SFT result: 12 layers / 9 tokens / prompt ""Explain the moon landing in one paragraph."" Both sides are the SAME model, so kl_div and norm_diff are identically 0.0 and cosine_sim is 1.0 across all 6 pairwise blocks. The two KL PNGs are byte-identical between item_N and item_N+9 BECAUSE they are flat zero - expected, not a defect. The real Qwen comparison lives in mi-base-vs-sft-divergence."
mi/plots/residual-divergence/item_1_identity_sft_unembed/tracked_3363_by_token.png,export,348113,,,ttl,open,local-fs,mi-gpt2-control,2-logit-lens,C:\Users\spenc\Downloads\residual_plots\item_1_identity_sft_unembed\tracked_3363_by_token.png,"GPT-2 -> GPT-2 CONTROL, not a Qwen base-vs-SFT result: 12 layers / 9 tokens / prompt ""Explain the moon landing in one paragraph."" Both sides are the SAME model, so kl_div and norm_diff are identically 0.0 and cosine_sim is 1.0 across all 6 pairwise blocks. The two KL PNGs are byte-identical between item_N and item_N+9 BECAUSE they are flat zero - expected, not a defect. The real Qwen comparison lives in mi-base-vs-sft-divergence."
mi/plots/residual-divergence/item_2_identity_sft_embedding/cosine_sim_by_layer.png,export,312373,,,ttl,open,local-fs,mi-gpt2-control,2-logit-lens,C:\Users\spenc\Downloads\residual_plots\item_2_identity_sft_embedding\cosine_sim_by_layer.png,"GPT-2 -> GPT-2 CONTROL, not a Qwen base-vs-SFT result: 12 layers / 9 tokens / prompt ""Explain the moon landing in one paragraph."" Both sides are the SAME model, so kl_div and norm_diff are identically 0.0 and cosine_sim is 1.0 across all 6 pairwise blocks. The two KL PNGs are byte-identical between item_N and item_N+9 BECAUSE they are flat zero - expected, not a defect. The real Qwen comparison lives in mi-base-vs-sft-divergence."
mi/plots/residual-divergence/item_2_identity_sft_embedding/cosine_sim_by_token.png,export,331825,,,ttl,open,local-fs,mi-gpt2-control,2-logit-lens,C:\Users\spenc\Downloads\residual_plots\item_2_identity_sft_embedding\cosine_sim_by_token.png,"GPT-2 -> GPT-2 CONTROL, not a Qwen base-vs-SFT result: 12 layers / 9 tokens / prompt ""Explain the moon landing in one paragraph."" Both sides are the SAME model, so kl_div and norm_diff are identically 0.0 and cosine_sim is 1.0 across all 6 pairwise blocks. The two KL PNGs are byte-identical between item_N and item_N+9 BECAUSE they are flat zero - expected, not a defect. The real Qwen comparison lives in mi-base-vs-sft-divergence."
mi/plots/residual-divergence/item_2_identity_sft_embedding/entropy_by_layer.png,export,227376,,,ttl,open,local-fs,mi-gpt2-control,2-logit-lens,C:\Users\spenc\Downloads\residual_plots\item_2_identity_sft_embedding\entropy_by_layer.png,"GPT-2 -> GPT-2 CONTROL, not a Qwen base-vs-SFT result: 12 layers / 9 tokens / prompt ""Explain the moon landing in one paragraph."" Both sides are the SAME model, so kl_div and norm_diff are identically 0.0 and cosine_sim is 1.0 across all 6 pairwise blocks. The two KL PNGs are byte-identical between item_N and item_N+9 BECAUSE they are flat zero - expected, not a defect. The real Qwen comparison lives in mi-base-vs-sft-divergence."
mi/plots/residual-divergence/item_2_identity_sft_embedding/entropy_by_token.png,export,284490,,,ttl,open,local-fs,mi-gpt2-control,2-logit-lens,C:\Users\spenc\Downloads\residual_plots\item_2_identity_sft_embedding\entropy_by_token.png,"GPT-2 -> GPT-2 CONTROL, not a Qwen base-vs-SFT result: 12 layers / 9 tokens / prompt ""Explain the moon landing in one paragraph."" Both sides are the SAME model, so kl_div and norm_diff are identically 0.0 and cosine_sim is 1.0 across all 6 pairwise blocks. The two KL PNGs are byte-identical between item_N and item_N+9 BECAUSE they are flat zero - expected, not a defect. The real Qwen comparison lives in mi-base-vs-sft-divergence."
mi/plots/residual-divergence/item_2_identity_sft_embedding/kl_div_by_layer.png,export,64404,,,ttl,open,local-fs,mi-gpt2-control,2-logit-lens,C:\Users\spenc\Downloads\residual_plots\item_2_identity_sft_embedding\kl_div_by_layer.png,"GPT-2 -> GPT-2 CONTROL, not a Qwen base-vs-SFT result: 12 layers / 9 tokens / prompt ""Explain the moon landing in one paragraph."" Both sides are the SAME model, so kl_div and norm_diff are identically 0.0 and cosine_sim is 1.0 across all 6 pairwise blocks. The two KL PNGs are byte-identical between item_N and item_N+9 BECAUSE they are flat zero - expected, not a defect. The real Qwen comparison lives in mi-base-vs-sft-divergence."
mi/plots/residual-divergence/item_2_identity_sft_embedding/kl_div_by_token.png,export,95130,,,ttl,open,local-fs,mi-gpt2-control,2-logit-lens,C:\Users\spenc\Downloads\residual_plots\item_2_identity_sft_embedding\kl_div_by_token.png,"GPT-2 -> GPT-2 CONTROL, not a Qwen base-vs-SFT result: 12 layers / 9 tokens / prompt ""Explain the moon landing in one paragraph."" Both sides are the SAME model, so kl_div and norm_diff are identically 0.0 and cosine_sim is 1.0 across all 6 pairwise blocks. The two KL PNGs are byte-identical between item_N and item_N+9 BECAUSE they are flat zero - expected, not a defect. The real Qwen comparison lives in mi-base-vs-sft-divergence."
mi/plots/residual-divergence/item_2_identity_sft_embedding/norm_by_layer.png,export,155469,,,ttl,open,local-fs,mi-gpt2-control,2-logit-lens,C:\Users\spenc\Downloads\residual_plots\item_2_identity_sft_embedding\norm_by_layer.png,"GPT-2 -> GPT-2 CONTROL, not a Qwen base-vs-SFT result: 12 layers / 9 tokens / prompt ""Explain the moon landing in one paragraph."" Both sides are the SAME model, so kl_div and norm_diff are identically 0.0 and cosine_sim is 1.0 across all 6 pairwise blocks. The two KL PNGs are byte-identical between item_N and item_N+9 BECAUSE they are flat zero - expected, not a defect. The real Qwen comparison lives in mi-base-vs-sft-divergence."
mi/plots/residual-divergence/item_2_identity_sft_embedding/norm_by_token.png,export,242257,,,ttl,open,local-fs,mi-gpt2-control,2-logit-lens,C:\Users\spenc\Downloads\residual_plots\item_2_identity_sft_embedding\norm_by_token.png,"GPT-2 -> GPT-2 CONTROL, not a Qwen base-vs-SFT result: 12 layers / 9 tokens / prompt ""Explain the moon landing in one paragraph."" Both sides are the SAME model, so kl_div and norm_diff are identically 0.0 and cosine_sim is 1.0 across all 6 pairwise blocks. The two KL PNGs are byte-identical between item_N and item_N+9 BECAUSE they are flat zero - expected, not a defect. The real Qwen comparison lives in mi-base-vs-sft-divergence."
mi/plots/residual-divergence/item_2_identity_sft_embedding/tracked_1400_by_layer.png,export,185135,,,ttl,open,local-fs,mi-gpt2-control,2-logit-lens,C:\Users\spenc\Downloads\residual_plots\item_2_identity_sft_embedding\tracked_1400_by_layer.png,"GPT-2 -> GPT-2 CONTROL, not a Qwen base-vs-SFT result: 12 layers / 9 tokens / prompt ""Explain the moon landing in one paragraph."" Both sides are the SAME model, so kl_div and norm_diff are identically 0.0 and cosine_sim is 1.0 across all 6 pairwise blocks. The two KL PNGs are byte-identical between item_N and item_N+9 BECAUSE they are flat zero - expected, not a defect. The real Qwen comparison lives in mi-base-vs-sft-divergence."
mi/plots/residual-divergence/item_2_identity_sft_embedding/tracked_1400_by_token.png,export,239969,,,ttl,open,local-fs,mi-gpt2-control,2-logit-lens,C:\Users\spenc\Downloads\residual_plots\item_2_identity_sft_embedding\tracked_1400_by_token.png,"GPT-2 -> GPT-2 CONTROL, not a Qwen base-vs-SFT result: 12 layers / 9 tokens / prompt ""Explain the moon landing in one paragraph."" Both sides are the SAME model, so kl_div and norm_diff are identically 0.0 and cosine_sim is 1.0 across all 6 pairwise blocks. The two KL PNGs are byte-identical between item_N and item_N+9 BECAUSE they are flat zero - expected, not a defect. The real Qwen comparison lives in mi-base-vs-sft-divergence."
mi/plots/residual-divergence/item_2_identity_sft_embedding/tracked_3363_by_layer.png,export,267803,,,ttl,open,local-fs,mi-gpt2-control,2-logit-lens,C:\Users\spenc\Downloads\residual_plots\item_2_identity_sft_embedding\tracked_3363_by_layer.png,"GPT-2 -> GPT-2 CONTROL, not a Qwen base-vs-SFT result: 12 layers / 9 tokens / prompt ""Explain the moon landing in one paragraph."" Both sides are the SAME model, so kl_div and norm_diff are identically 0.0 and cosine_sim is 1.0 across all 6 pairwise blocks. The two KL PNGs are byte-identical between item_N and item_N+9 BECAUSE they are flat zero - expected, not a defect. The real Qwen comparison lives in mi-base-vs-sft-divergence."
mi/plots/residual-divergence/item_2_identity_sft_embedding/tracked_3363_by_token.png,export,348418,,,ttl,open,local-fs,mi-gpt2-control,2-logit-lens,C:\Users\spenc\Downloads\residual_plots\item_2_identity_sft_embedding\tracked_3363_by_token.png,"GPT-2 -> GPT-2 CONTROL, not a Qwen base-vs-SFT result: 12 layers / 9 tokens / prompt ""Explain the moon landing in one paragraph."" Both sides are the SAME model, so kl_div and norm_diff are identically 0.0 and cosine_sim is 1.0 across all 6 pairwise blocks. The two KL PNGs are byte-identical between item_N and item_N+9 BECAUSE they are flat zero - expected, not a defect. The real Qwen comparison lives in mi-base-vs-sft-divergence."
mi/plots/residual-divergence/item_3_reverse_sentences_default/cosine_sim_by_layer.png,export,313081,,,ttl,open,local-fs,mi-gpt2-control,2-logit-lens,C:\Users\spenc\Downloads\residual_plots\item_3_reverse_sentences_default\cosine_sim_by_layer.png,"GPT-2 -> GPT-2 CONTROL, not a Qwen base-vs-SFT result: 12 layers / 9 tokens / prompt ""Explain the moon landing in one paragraph."" Both sides are the SAME model, so kl_div and norm_diff are identically 0.0 and cosine_sim is 1.0 across all 6 pairwise blocks. The two KL PNGs are byte-identical between item_N and item_N+9 BECAUSE they are flat zero - expected, not a defect. The real Qwen comparison lives in mi-base-vs-sft-divergence."
mi/plots/residual-divergence/item_3_reverse_sentences_default/cosine_sim_by_token.png,export,332498,,,ttl,open,local-fs,mi-gpt2-control,2-logit-lens,C:\Users\spenc\Downloads\residual_plots\item_3_reverse_sentences_default\cosine_sim_by_token.png,"GPT-2 -> GPT-2 CONTROL, not a Qwen base-vs-SFT result: 12 layers / 9 tokens / prompt ""Explain the moon landing in one paragraph."" Both sides are the SAME model, so kl_div and norm_diff are identically 0.0 and cosine_sim is 1.0 across all 6 pairwise blocks. The two KL PNGs are byte-identical between item_N and item_N+9 BECAUSE they are flat zero - expected, not a defect. The real Qwen comparison lives in mi-base-vs-sft-divergence."
mi/plots/residual-divergence/item_3_reverse_sentences_default/entropy_by_layer.png,export,227766,,,ttl,open,local-fs,mi-gpt2-control,2-logit-lens,C:\Users\spenc\Downloads\residual_plots\item_3_reverse_sentences_default\entropy_by_layer.png,"GPT-2 -> GPT-2 CONTROL, not a Qwen base-vs-SFT result: 12 layers / 9 tokens / prompt ""Explain the moon landing in one paragraph."" Both sides are the SAME model, so kl_div and norm_diff are identically 0.0 and cosine_sim is 1.0 across all 6 pairwise blocks. The two KL PNGs are byte-identical between item_N and item_N+9 BECAUSE they are flat zero - expected, not a defect. The real Qwen comparison lives in mi-base-vs-sft-divergence."
mi/plots/residual-divergence/item_3_reverse_sentences_default/entropy_by_token.png,export,285354,,,ttl,open,local-fs,mi-gpt2-control,2-logit-lens,C:\Users\spenc\Downloads\residual_plots\item_3_reverse_sentences_default\entropy_by_token.png,"GPT-2 -> GPT-2 CONTROL, not a Qwen base-vs-SFT result: 12 layers / 9 tokens / prompt ""Explain the moon landing in one paragraph."" Both sides are the SAME model, so kl_div and norm_diff are identically 0.0 and cosine_sim is 1.0 across all 6 pairwise blocks. The two KL PNGs are byte-identical between item_N and item_N+9 BECAUSE they are flat zero - expected, not a defect. The real Qwen comparison lives in mi-base-vs-sft-divergence."
mi/plots/residual-divergence/item_3_reverse_sentences_default/kl_div_by_layer.png,export,65147,,,ttl,open,local-fs,mi-gpt2-control,2-logit-lens,C:\Users\spenc\Downloads\residual_plots\item_3_reverse_sentences_default\kl_div_by_layer.png,"GPT-2 -> GPT-2 CONTROL, not a Qwen base-vs-SFT result: 12 layers / 9 tokens / prompt ""Explain the moon landing in one paragraph."" Both sides are the SAME model, so kl_div and norm_diff are identically 0.0 and cosine_sim is 1.0 across all 6 pairwise blocks. The two KL PNGs are byte-identical between item_N and item_N+9 BECAUSE they are flat zero - expected, not a defect. The real Qwen comparison lives in mi-base-vs-sft-divergence."
mi/plots/residual-divergence/item_3_reverse_sentences_default/kl_div_by_token.png,export,95773,,,ttl,open,local-fs,mi-gpt2-control,2-logit-lens,C:\Users\spenc\Downloads\residual_plots\item_3_reverse_sentences_default\kl_div_by_token.png,"GPT-2 -> GPT-2 CONTROL, not a Qwen base-vs-SFT result: 12 layers / 9 tokens / prompt ""Explain the moon landing in one paragraph."" Both sides are the SAME model, so kl_div and norm_diff are identically 0.0 and cosine_sim is 1.0 across all 6 pairwise blocks. The two KL PNGs are byte-identical between item_N and item_N+9 BECAUSE they are flat zero - expected, not a defect. The real Qwen comparison lives in mi-base-vs-sft-divergence."
mi/plots/residual-divergence/item_3_reverse_sentences_default/norm_by_layer.png,export,156145,,,ttl,open,local-fs,mi-gpt2-control,2-logit-lens,C:\Users\spenc\Downloads\residual_plots\item_3_reverse_sentences_default\norm_by_layer.png,"GPT-2 -> GPT-2 CONTROL, not a Qwen base-vs-SFT result: 12 layers / 9 tokens / prompt ""Explain the moon landing in one paragraph."" Both sides are the SAME model, so kl_div and norm_diff are identically 0.0 and cosine_sim is 1.0 across all 6 pairwise blocks. The two KL PNGs are byte-identical between item_N and item_N+9 BECAUSE they are flat zero - expected, not a defect. The real Qwen comparison lives in mi-base-vs-sft-divergence."
mi/plots/residual-divergence/item_3_reverse_sentences_default/norm_by_token.png,export,243044,,,ttl,open,local-fs,mi-gpt2-control,2-logit-lens,C:\Users\spenc\Downloads\residual_plots\item_3_reverse_sentences_default\norm_by_token.png,"GPT-2 -> GPT-2 CONTROL, not a Qwen base-vs-SFT result: 12 layers / 9 tokens / prompt ""Explain the moon landing in one paragraph."" Both sides are the SAME model, so kl_div and norm_diff are identically 0.0 and cosine_sim is 1.0 across all 6 pairwise blocks. The two KL PNGs are byte-identical between item_N and item_N+9 BECAUSE they are flat zero - expected, not a defect. The real Qwen comparison lives in mi-base-vs-sft-divergence."
mi/plots/residual-divergence/item_3_reverse_sentences_default/tracked_1400_by_layer.png,export,185826,,,ttl,open,local-fs,mi-gpt2-control,2-logit-lens,C:\Users\spenc\Downloads\residual_plots\item_3_reverse_sentences_default\tracked_1400_by_layer.png,"GPT-2 -> GPT-2 CONTROL, not a Qwen base-vs-SFT result: 12 layers / 9 tokens / prompt ""Explain the moon landing in one paragraph."" Both sides are the SAME model, so kl_div and norm_diff are identically 0.0 and cosine_sim is 1.0 across all 6 pairwise blocks. The two KL PNGs are byte-identical between item_N and item_N+9 BECAUSE they are flat zero - expected, not a defect. The real Qwen comparison lives in mi-base-vs-sft-divergence."
mi/plots/residual-divergence/item_3_reverse_sentences_default/tracked_1400_by_token.png,export,240708,,,ttl,open,local-fs,mi-gpt2-control,2-logit-lens,C:\Users\spenc\Downloads\residual_plots\item_3_reverse_sentences_default\tracked_1400_by_token.png,"GPT-2 -> GPT-2 CONTROL, not a Qwen base-vs-SFT result: 12 layers / 9 tokens / prompt ""Explain the moon landing in one paragraph."" Both sides are the SAME model, so kl_div and norm_diff are identically 0.0 and cosine_sim is 1.0 across all 6 pairwise blocks. The two KL PNGs are byte-identical between item_N and item_N+9 BECAUSE they are flat zero - expected, not a defect. The real Qwen comparison lives in mi-base-vs-sft-divergence."
mi/plots/residual-divergence/item_3_reverse_sentences_default/tracked_3363_by_layer.png,export,268511,,,ttl,open,local-fs,mi-gpt2-control,2-logit-lens,C:\Users\spenc\Downloads\residual_plots\item_3_reverse_sentences_default\tracked_3363_by_layer.png,"GPT-2 -> GPT-2 CONTROL, not a Qwen base-vs-SFT result: 12 layers / 9 tokens / prompt ""Explain the moon landing in one paragraph."" Both sides are the SAME model, so kl_div and norm_diff are identically 0.0 and cosine_sim is 1.0 across all 6 pairwise blocks. The two KL PNGs are byte-identical between item_N and item_N+9 BECAUSE they are flat zero - expected, not a defect. The real Qwen comparison lives in mi-base-vs-sft-divergence."
mi/plots/residual-divergence/item_3_reverse_sentences_default/tracked_3363_by_token.png,export,349133,,,ttl,open,local-fs,mi-gpt2-control,2-logit-lens,C:\Users\spenc\Downloads\residual_plots\item_3_reverse_sentences_default\tracked_3363_by_token.png,"GPT-2 -> GPT-2 CONTROL, not a Qwen base-vs-SFT result: 12 layers / 9 tokens / prompt ""Explain the moon landing in one paragraph."" Both sides are the SAME model, so kl_div and norm_diff are identically 0.0 and cosine_sim is 1.0 across all 6 pairwise blocks. The two KL PNGs are byte-identical between item_N and item_N+9 BECAUSE they are flat zero - expected, not a defect. The real Qwen comparison lives in mi-base-vs-sft-divergence."
mi/plots/residual-divergence/item_4_reverse_sentences_sft_unembed/cosine_sim_by_layer.png,export,313971,,,ttl,open,local-fs,mi-gpt2-control,2-logit-lens,C:\Users\spenc\Downloads\residual_plots\item_4_reverse_sentences_sft_unembed\cosine_sim_by_layer.png,"GPT-2 -> GPT-2 CONTROL, not a Qwen base-vs-SFT result: 12 layers / 9 tokens / prompt ""Explain the moon landing in one paragraph."" Both sides are the SAME model, so kl_div and norm_diff are identically 0.0 and cosine_sim is 1.0 across all 6 pairwise blocks. The two KL PNGs are byte-identical between item_N and item_N+9 BECAUSE they are flat zero - expected, not a defect. The real Qwen comparison lives in mi-base-vs-sft-divergence."
mi/plots/residual-divergence/item_4_reverse_sentences_sft_unembed/cosine_sim_by_token.png,export,333363,,,ttl,open,local-fs,mi-gpt2-control,2-logit-lens,C:\Users\spenc\Downloads\residual_plots\item_4_reverse_sentences_sft_unembed\cosine_sim_by_token.png,"GPT-2 -> GPT-2 CONTROL, not a Qwen base-vs-SFT result: 12 layers / 9 tokens / prompt ""Explain the moon landing in one paragraph."" Both sides are the SAME model, so kl_div and norm_diff are identically 0.0 and cosine_sim is 1.0 across all 6 pairwise blocks. The two KL PNGs are byte-identical between item_N and item_N+9 BECAUSE they are flat zero - expected, not a defect. The real Qwen comparison lives in mi-base-vs-sft-divergence."
mi/plots/residual-divergence/item_4_reverse_sentences_sft_unembed/entropy_by_layer.png,export,228769,,,ttl,open,local-fs,mi-gpt2-control,2-logit-lens,C:\Users\spenc\Downloads\residual_plots\item_4_reverse_sentences_sft_unembed\entropy_by_layer.png,"GPT-2 -> GPT-2 CONTROL, not a Qwen base-vs-SFT result: 12 layers / 9 tokens / prompt ""Explain the moon landing in one paragraph."" Both sides are the SAME model, so kl_div and norm_diff are identically 0.0 and cosine_sim is 1.0 across all 6 pairwise blocks. The two KL PNGs are byte-identical between item_N and item_N+9 BECAUSE they are flat zero - expected, not a defect. The real Qwen comparison lives in mi-base-vs-sft-divergence."
mi/plots/residual-divergence/item_4_reverse_sentences_sft_unembed/entropy_by_token.png,export,286426,,,ttl,open,local-fs,mi-gpt2-control,2-logit-lens,C:\Users\spenc\Downloads\residual_plots\item_4_reverse_sentences_sft_unembed\entropy_by_token.png,"GPT-2 -> GPT-2 CONTROL, not a Qwen base-vs-SFT result: 12 layers / 9 tokens / prompt ""Explain the moon landing in one paragraph."" Both sides are the SAME model, so kl_div and norm_diff are identically 0.0 and cosine_sim is 1.0 across all 6 pairwise blocks. The two KL PNGs are byte-identical between item_N and item_N+9 BECAUSE they are flat zero - expected, not a defect. The real Qwen comparison lives in mi-base-vs-sft-divergence."
mi/plots/residual-divergence/item_4_reverse_sentences_sft_unembed/kl_div_by_layer.png,export,66068,,,ttl,open,local-fs,mi-gpt2-control,2-logit-lens,C:\Users\spenc\Downloads\residual_plots\item_4_reverse_sentences_sft_unembed\kl_div_by_layer.png,"GPT-2 -> GPT-2 CONTROL, not a Qwen base-vs-SFT result: 12 layers / 9 tokens / prompt ""Explain the moon landing in one paragraph."" Both sides are the SAME model, so kl_div and norm_diff are identically 0.0 and cosine_sim is 1.0 across all 6 pairwise blocks. The two KL PNGs are byte-identical between item_N and item_N+9 BECAUSE they are flat zero - expected, not a defect. The real Qwen comparison lives in mi-base-vs-sft-divergence."
mi/plots/residual-divergence/item_4_reverse_sentences_sft_unembed/kl_div_by_token.png,export,96585,,,ttl,open,local-fs,mi-gpt2-control,2-logit-lens,C:\Users\spenc\Downloads\residual_plots\item_4_reverse_sentences_sft_unembed\kl_div_by_token.png,"GPT-2 -> GPT-2 CONTROL, not a Qwen base-vs-SFT result: 12 layers / 9 tokens / prompt ""Explain the moon landing in one paragraph."" Both sides are the SAME model, so kl_div and norm_diff are identically 0.0 and cosine_sim is 1.0 across all 6 pairwise blocks. The two KL PNGs are byte-identical between item_N and item_N+9 BECAUSE they are flat zero - expected, not a defect. The real Qwen comparison lives in mi-base-vs-sft-divergence."
mi/plots/residual-divergence/item_4_reverse_sentences_sft_unembed/norm_by_layer.png,export,156901,,,ttl,open,local-fs,mi-gpt2-control,2-logit-lens,C:\Users\spenc\Downloads\residual_plots\item_4_reverse_sentences_sft_unembed\norm_by_layer.png,"GPT-2 -> GPT-2 CONTROL, not a Qwen base-vs-SFT result: 12 layers / 9 tokens / prompt ""Explain the moon landing in one paragraph."" Both sides are the SAME model, so kl_div and norm_diff are identically 0.0 and cosine_sim is 1.0 across all 6 pairwise blocks. The two KL PNGs are byte-identical between item_N and item_N+9 BECAUSE they are flat zero - expected, not a defect. The real Qwen comparison lives in mi-base-vs-sft-divergence."
mi/plots/residual-divergence/item_4_reverse_sentences_sft_unembed/norm_by_token.png,export,243941,,,ttl,open,local-fs,mi-gpt2-control,2-logit-lens,C:\Users\spenc\Downloads\residual_plots\item_4_reverse_sentences_sft_unembed\norm_by_token.png,"GPT-2 -> GPT-2 CONTROL, not a Qwen base-vs-SFT result: 12 layers / 9 tokens / prompt ""Explain the moon landing in one paragraph."" Both sides are the SAME model, so kl_div and norm_diff are identically 0.0 and cosine_sim is 1.0 across all 6 pairwise blocks. The two KL PNGs are byte-identical between item_N and item_N+9 BECAUSE they are flat zero - expected, not a defect. The real Qwen comparison lives in mi-base-vs-sft-divergence."
mi/plots/residual-divergence/item_4_reverse_sentences_sft_unembed/tracked_1400_by_layer.png,export,186734,,,ttl,open,local-fs,mi-gpt2-control,2-logit-lens,C:\Users\spenc\Downloads\residual_plots\item_4_reverse_sentences_sft_unembed\tracked_1400_by_layer.png,"GPT-2 -> GPT-2 CONTROL, not a Qwen base-vs-SFT result: 12 layers / 9 tokens / prompt ""Explain the moon landing in one paragraph."" Both sides are the SAME model, so kl_div and norm_diff are identically 0.0 and cosine_sim is 1.0 across all 6 pairwise blocks. The two KL PNGs are byte-identical between item_N and item_N+9 BECAUSE they are flat zero - expected, not a defect. The real Qwen comparison lives in mi-base-vs-sft-divergence."
mi/plots/residual-divergence/item_4_reverse_sentences_sft_unembed/tracked_1400_by_token.png,export,241714,,,ttl,open,local-fs,mi-gpt2-control,2-logit-lens,C:\Users\spenc\Downloads\residual_plots\item_4_reverse_sentences_sft_unembed\tracked_1400_by_token.png,"GPT-2 -> GPT-2 CONTROL, not a Qwen base-vs-SFT result: 12 layers / 9 tokens / prompt ""Explain the moon landing in one paragraph."" Both sides are the SAME model, so kl_div and norm_diff are identically 0.0 and cosine_sim is 1.0 across all 6 pairwise blocks. The two KL PNGs are byte-identical between item_N and item_N+9 BECAUSE they are flat zero - expected, not a defect. The real Qwen comparison lives in mi-base-vs-sft-divergence."
mi/plots/residual-divergence/item_4_reverse_sentences_sft_unembed/tracked_3363_by_layer.png,export,269416,,,ttl,open,local-fs,mi-gpt2-control,2-logit-lens,C:\Users\spenc\Downloads\residual_plots\item_4_reverse_sentences_sft_unembed\tracked_3363_by_layer.png,"GPT-2 -> GPT-2 CONTROL, not a Qwen base-vs-SFT result: 12 layers / 9 tokens / prompt ""Explain the moon landing in one paragraph."" Both sides are the SAME model, so kl_div and norm_diff are identically 0.0 and cosine_sim is 1.0 across all 6 pairwise blocks. The two KL PNGs are byte-identical between item_N and item_N+9 BECAUSE they are flat zero - expected, not a defect. The real Qwen comparison lives in mi-base-vs-sft-divergence."
mi/plots/residual-divergence/item_4_reverse_sentences_sft_unembed/tracked_3363_by_token.png,export,349988,,,ttl,open,local-fs,mi-gpt2-control,2-logit-lens,C:\Users\spenc\Downloads\residual_plots\item_4_reverse_sentences_sft_unembed\tracked_3363_by_token.png,"GPT-2 -> GPT-2 CONTROL, not a Qwen base-vs-SFT result: 12 layers / 9 tokens / prompt ""Explain the moon landing in one paragraph."" Both sides are the SAME model, so kl_div and norm_diff are identically 0.0 and cosine_sim is 1.0 across all 6 pairwise blocks. The two KL PNGs are byte-identical between item_N and item_N+9 BECAUSE they are flat zero - expected, not a defect. The real Qwen comparison lives in mi-base-vs-sft-divergence."
mi/plots/residual-divergence/item_5_reverse_sentences_sft_embedding/cosine_sim_by_layer.png,export,314349,,,ttl,open,local-fs,mi-gpt2-control,2-logit-lens,C:\Users\spenc\Downloads\residual_plots\item_5_reverse_sentences_sft_embedding\cosine_sim_by_layer.png,"GPT-2 -> GPT-2 CONTROL, not a Qwen base-vs-SFT result: 12 layers / 9 tokens / prompt ""Explain the moon landing in one paragraph."" Both sides are the SAME model, so kl_div and norm_diff are identically 0.0 and cosine_sim is 1.0 across all 6 pairwise blocks. The two KL PNGs are byte-identical between item_N and item_N+9 BECAUSE they are flat zero - expected, not a defect. The real Qwen comparison lives in mi-base-vs-sft-divergence."
mi/plots/residual-divergence/item_5_reverse_sentences_sft_embedding/cosine_sim_by_token.png,export,333744,,,ttl,open,local-fs,mi-gpt2-control,2-logit-lens,C:\Users\spenc\Downloads\residual_plots\item_5_reverse_sentences_sft_embedding\cosine_sim_by_token.png,"GPT-2 -> GPT-2 CONTROL, not a Qwen base-vs-SFT result: 12 layers / 9 tokens / prompt ""Explain the moon landing in one paragraph."" Both sides are the SAME model, so kl_div and norm_diff are identically 0.0 and cosine_sim is 1.0 across all 6 pairwise blocks. The two KL PNGs are byte-identical between item_N and item_N+9 BECAUSE they are flat zero - expected, not a defect. The real Qwen comparison lives in mi-base-vs-sft-divergence."
mi/plots/residual-divergence/item_5_reverse_sentences_sft_embedding/entropy_by_layer.png,export,229269,,,ttl,open,local-fs,mi-gpt2-control,2-logit-lens,C:\Users\spenc\Downloads\residual_plots\item_5_reverse_sentences_sft_embedding\entropy_by_layer.png,"GPT-2 -> GPT-2 CONTROL, not a Qwen base-vs-SFT result: 12 layers / 9 tokens / prompt ""Explain the moon landing in one paragraph."" Both sides are the SAME model, so kl_div and norm_diff are identically 0.0 and cosine_sim is 1.0 across all 6 pairwise blocks. The two KL PNGs are byte-identical between item_N and item_N+9 BECAUSE they are flat zero - expected, not a defect. The real Qwen comparison lives in mi-base-vs-sft-divergence."
mi/plots/residual-divergence/item_5_reverse_sentences_sft_embedding/entropy_by_token.png,export,286888,,,ttl,open,local-fs,mi-gpt2-control,2-logit-lens,C:\Users\spenc\Downloads\residual_plots\item_5_reverse_sentences_sft_embedding\entropy_by_token.png,"GPT-2 -> GPT-2 CONTROL, not a Qwen base-vs-SFT result: 12 layers / 9 tokens / prompt ""Explain the moon landing in one paragraph."" Both sides are the SAME model, so kl_div and norm_diff are identically 0.0 and cosine_sim is 1.0 across all 6 pairwise blocks. The two KL PNGs are byte-identical between item_N and item_N+9 BECAUSE they are flat zero - expected, not a defect. The real Qwen comparison lives in mi-base-vs-sft-divergence."
mi/plots/residual-divergence/item_5_reverse_sentences_sft_embedding/kl_div_by_layer.png,export,66486,,,ttl,open,local-fs,mi-gpt2-control,2-logit-lens,C:\Users\spenc\Downloads\residual_plots\item_5_reverse_sentences_sft_embedding\kl_div_by_layer.png,"GPT-2 -> GPT-2 CONTROL, not a Qwen base-vs-SFT result: 12 layers / 9 tokens / prompt ""Explain the moon landing in one paragraph."" Both sides are the SAME model, so kl_div and norm_diff are identically 0.0 and cosine_sim is 1.0 across all 6 pairwise blocks. The two KL PNGs are byte-identical between item_N and item_N+9 BECAUSE they are flat zero - expected, not a defect. The real Qwen comparison lives in mi-base-vs-sft-divergence."
mi/plots/residual-divergence/item_5_reverse_sentences_sft_embedding/kl_div_by_token.png,export,96963,,,ttl,open,local-fs,mi-gpt2-control,2-logit-lens,C:\Users\spenc\Downloads\residual_plots\item_5_reverse_sentences_sft_embedding\kl_div_by_token.png,"GPT-2 -> GPT-2 CONTROL, not a Qwen base-vs-SFT result: 12 layers / 9 tokens / prompt ""Explain the moon landing in one paragraph."" Both sides are the SAME model, so kl_div and norm_diff are identically 0.0 and cosine_sim is 1.0 across all 6 pairwise blocks. The two KL PNGs are byte-identical between item_N and item_N+9 BECAUSE they are flat zero - expected, not a defect. The real Qwen comparison lives in mi-base-vs-sft-divergence."
mi/plots/residual-divergence/item_5_reverse_sentences_sft_embedding/norm_by_layer.png,export,157276,,,ttl,open,local-fs,mi-gpt2-control,2-logit-lens,C:\Users\spenc\Downloads\residual_plots\item_5_reverse_sentences_sft_embedding\norm_by_layer.png,"GPT-2 -> GPT-2 CONTROL, not a Qwen base-vs-SFT result: 12 layers / 9 tokens / prompt ""Explain the moon landing in one paragraph."" Both sides are the SAME model, so kl_div and norm_diff are identically 0.0 and cosine_sim is 1.0 across all 6 pairwise blocks. The two KL PNGs are byte-identical between item_N and item_N+9 BECAUSE they are flat zero - expected, not a defect. The real Qwen comparison lives in mi-base-vs-sft-divergence."
mi/plots/residual-divergence/item_5_reverse_sentences_sft_embedding/norm_by_token.png,export,244345,,,ttl,open,local-fs,mi-gpt2-control,2-logit-lens,C:\Users\spenc\Downloads\residual_plots\item_5_reverse_sentences_sft_embedding\norm_by_token.png,"GPT-2 -> GPT-2 CONTROL, not a Qwen base-vs-SFT result: 12 layers / 9 tokens / prompt ""Explain the moon landing in one paragraph."" Both sides are the SAME model, so kl_div and norm_diff are identically 0.0 and cosine_sim is 1.0 across all 6 pairwise blocks. The two KL PNGs are byte-identical between item_N and item_N+9 BECAUSE they are flat zero - expected, not a defect. The real Qwen comparison lives in mi-base-vs-sft-divergence."
mi/plots/residual-divergence/item_5_reverse_sentences_sft_embedding/tracked_1400_by_layer.png,export,187154,,,ttl,open,local-fs,mi-gpt2-control,2-logit-lens,C:\Users\spenc\Downloads\residual_plots\item_5_reverse_sentences_sft_embedding\tracked_1400_by_layer.png,"GPT-2 -> GPT-2 CONTROL, not a Qwen base-vs-SFT result: 12 layers / 9 tokens / prompt ""Explain the moon landing in one paragraph."" Both sides are the SAME model, so kl_div and norm_diff are identically 0.0 and cosine_sim is 1.0 across all 6 pairwise blocks. The two KL PNGs are byte-identical between item_N and item_N+9 BECAUSE they are flat zero - expected, not a defect. The real Qwen comparison lives in mi-base-vs-sft-divergence."
mi/plots/residual-divergence/item_5_reverse_sentences_sft_embedding/tracked_1400_by_token.png,export,242126,,,ttl,open,local-fs,mi-gpt2-control,2-logit-lens,C:\Users\spenc\Downloads\residual_plots\item_5_reverse_sentences_sft_embedding\tracked_1400_by_token.png,"GPT-2 -> GPT-2 CONTROL, not a Qwen base-vs-SFT result: 12 layers / 9 tokens / prompt ""Explain the moon landing in one paragraph."" Both sides are the SAME model, so kl_div and norm_diff are identically 0.0 and cosine_sim is 1.0 across all 6 pairwise blocks. The two KL PNGs are byte-identical between item_N and item_N+9 BECAUSE they are flat zero - expected, not a defect. The real Qwen comparison lives in mi-base-vs-sft-divergence."
mi/plots/residual-divergence/item_5_reverse_sentences_sft_embedding/tracked_3363_by_layer.png,export,269833,,,ttl,open,local-fs,mi-gpt2-control,2-logit-lens,C:\Users\spenc\Downloads\residual_plots\item_5_reverse_sentences_sft_embedding\tracked_3363_by_layer.png,"GPT-2 -> GPT-2 CONTROL, not a Qwen base-vs-SFT result: 12 layers / 9 tokens / prompt ""Explain the moon landing in one paragraph."" Both sides are the SAME model, so kl_div and norm_diff are identically 0.0 and cosine_sim is 1.0 across all 6 pairwise blocks. The two KL PNGs are byte-identical between item_N and item_N+9 BECAUSE they are flat zero - expected, not a defect. The real Qwen comparison lives in mi-base-vs-sft-divergence."
mi/plots/residual-divergence/item_5_reverse_sentences_sft_embedding/tracked_3363_by_token.png,export,350336,,,ttl,open,local-fs,mi-gpt2-control,2-logit-lens,C:\Users\spenc\Downloads\residual_plots\item_5_reverse_sentences_sft_embedding\tracked_3363_by_token.png,"GPT-2 -> GPT-2 CONTROL, not a Qwen base-vs-SFT result: 12 layers / 9 tokens / prompt ""Explain the moon landing in one paragraph."" Both sides are the SAME model, so kl_div and norm_diff are identically 0.0 and cosine_sim is 1.0 across all 6 pairwise blocks. The two KL PNGs are byte-identical between item_N and item_N+9 BECAUSE they are flat zero - expected, not a defect. The real Qwen comparison lives in mi-base-vs-sft-divergence."
mi/plots/residual-divergence/item_6_dual_channel_default/cosine_sim_by_layer.png,export,332679,,,ttl,open,local-fs,mi-gpt2-control,2-logit-lens,C:\Users\spenc\Downloads\residual_plots\item_6_dual_channel_default\cosine_sim_by_layer.png,"GPT-2 -> GPT-2 CONTROL, not a Qwen base-vs-SFT result: 12 layers / 9 tokens / prompt ""Explain the moon landing in one paragraph."" Both sides are the SAME model, so kl_div and norm_diff are identically 0.0 and cosine_sim is 1.0 across all 6 pairwise blocks. The two KL PNGs are byte-identical between item_N and item_N+9 BECAUSE they are flat zero - expected, not a defect. The real Qwen comparison lives in mi-base-vs-sft-divergence."
mi/plots/residual-divergence/item_6_dual_channel_default/cosine_sim_by_token.png,export,339411,,,ttl,open,local-fs,mi-gpt2-control,2-logit-lens,C:\Users\spenc\Downloads\residual_plots\item_6_dual_channel_default\cosine_sim_by_token.png,"GPT-2 -> GPT-2 CONTROL, not a Qwen base-vs-SFT result: 12 layers / 9 tokens / prompt ""Explain the moon landing in one paragraph."" Both sides are the SAME model, so kl_div and norm_diff are identically 0.0 and cosine_sim is 1.0 across all 6 pairwise blocks. The two KL PNGs are byte-identical between item_N and item_N+9 BECAUSE they are flat zero - expected, not a defect. The real Qwen comparison lives in mi-base-vs-sft-divergence."
mi/plots/residual-divergence/item_6_dual_channel_default/entropy_by_layer.png,export,289089,,,ttl,open,local-fs,mi-gpt2-control,2-logit-lens,C:\Users\spenc\Downloads\residual_plots\item_6_dual_channel_default\entropy_by_layer.png,"GPT-2 -> GPT-2 CONTROL, not a Qwen base-vs-SFT result: 12 layers / 9 tokens / prompt ""Explain the moon landing in one paragraph."" Both sides are the SAME model, so kl_div and norm_diff are identically 0.0 and cosine_sim is 1.0 across all 6 pairwise blocks. The two KL PNGs are byte-identical between item_N and item_N+9 BECAUSE they are flat zero - expected, not a defect. The real Qwen comparison lives in mi-base-vs-sft-divergence."
mi/plots/residual-divergence/item_6_dual_channel_default/entropy_by_token.png,export,333126,,,ttl,open,local-fs,mi-gpt2-control,2-logit-lens,C:\Users\spenc\Downloads\residual_plots\item_6_dual_channel_default\entropy_by_token.png,"GPT-2 -> GPT-2 CONTROL, not a Qwen base-vs-SFT result: 12 layers / 9 tokens / prompt ""Explain the moon landing in one paragraph."" Both sides are the SAME model, so kl_div and norm_diff are identically 0.0 and cosine_sim is 1.0 across all 6 pairwise blocks. The two KL PNGs are byte-identical between item_N and item_N+9 BECAUSE they are flat zero - expected, not a defect. The real Qwen comparison lives in mi-base-vs-sft-divergence."
mi/plots/residual-divergence/item_6_dual_channel_default/kl_div_by_layer.png,export,63453,,,ttl,open,local-fs,mi-gpt2-control,2-logit-lens,C:\Users\spenc\Downloads\residual_plots\item_6_dual_channel_default\kl_div_by_layer.png,"GPT-2 -> GPT-2 CONTROL, not a Qwen base-vs-SFT result: 12 layers / 9 tokens / prompt ""Explain the moon landing in one paragraph."" Both sides are the SAME model, so kl_div and norm_diff are identically 0.0 and cosine_sim is 1.0 across all 6 pairwise blocks. The two KL PNGs are byte-identical between item_N and item_N+9 BECAUSE they are flat zero - expected, not a defect. The real Qwen comparison lives in mi-base-vs-sft-divergence."
mi/plots/residual-divergence/item_6_dual_channel_default/kl_div_by_token.png,export,94148,,,ttl,open,local-fs,mi-gpt2-control,2-logit-lens,C:\Users\spenc\Downloads\residual_plots\item_6_dual_channel_default\kl_div_by_token.png,"GPT-2 -> GPT-2 CONTROL, not a Qwen base-vs-SFT result: 12 layers / 9 tokens / prompt ""Explain the moon landing in one paragraph."" Both sides are the SAME model, so kl_div and norm_diff are identically 0.0 and cosine_sim is 1.0 across all 6 pairwise blocks. The two KL PNGs are byte-identical between item_N and item_N+9 BECAUSE they are flat zero - expected, not a defect. The real Qwen comparison lives in mi-base-vs-sft-divergence."
mi/plots/residual-divergence/item_6_dual_channel_default/norm_by_layer.png,export,155676,,,ttl,open,local-fs,mi-gpt2-control,2-logit-lens,C:\Users\spenc\Downloads\residual_plots\item_6_dual_channel_default\norm_by_layer.png,"GPT-2 -> GPT-2 CONTROL, not a Qwen base-vs-SFT result: 12 layers / 9 tokens / prompt ""Explain the moon landing in one paragraph."" Both sides are the SAME model, so kl_div and norm_diff are identically 0.0 and cosine_sim is 1.0 across all 6 pairwise blocks. The two KL PNGs are byte-identical between item_N and item_N+9 BECAUSE they are flat zero - expected, not a defect. The real Qwen comparison lives in mi-base-vs-sft-divergence."
mi/plots/residual-divergence/item_6_dual_channel_default/norm_by_token.png,export,244047,,,ttl,open,local-fs,mi-gpt2-control,2-logit-lens,C:\Users\spenc\Downloads\residual_plots\item_6_dual_channel_default\norm_by_token.png,"GPT-2 -> GPT-2 CONTROL, not a Qwen base-vs-SFT result: 12 layers / 9 tokens / prompt ""Explain the moon landing in one paragraph."" Both sides are the SAME model, so kl_div and norm_diff are identically 0.0 and cosine_sim is 1.0 across all 6 pairwise blocks. The two KL PNGs are byte-identical between item_N and item_N+9 BECAUSE they are flat zero - expected, not a defect. The real Qwen comparison lives in mi-base-vs-sft-divergence."
mi/plots/residual-divergence/item_6_dual_channel_default/tracked_1400_by_layer.png,export,176338,,,ttl,open,local-fs,mi-gpt2-control,2-logit-lens,C:\Users\spenc\Downloads\residual_plots\item_6_dual_channel_default\tracked_1400_by_layer.png,"GPT-2 -> GPT-2 CONTROL, not a Qwen base-vs-SFT result: 12 layers / 9 tokens / prompt ""Explain the moon landing in one paragraph."" Both sides are the SAME model, so kl_div and norm_diff are identically 0.0 and cosine_sim is 1.0 across all 6 pairwise blocks. The two KL PNGs are byte-identical between item_N and item_N+9 BECAUSE they are flat zero - expected, not a defect. The real Qwen comparison lives in mi-base-vs-sft-divergence."
mi/plots/residual-divergence/item_6_dual_channel_default/tracked_1400_by_token.png,export,238963,,,ttl,open,local-fs,mi-gpt2-control,2-logit-lens,C:\Users\spenc\Downloads\residual_plots\item_6_dual_channel_default\tracked_1400_by_token.png,"GPT-2 -> GPT-2 CONTROL, not a Qwen base-vs-SFT result: 12 layers / 9 tokens / prompt ""Explain the moon landing in one paragraph."" Both sides are the SAME model, so kl_div and norm_diff are identically 0.0 and cosine_sim is 1.0 across all 6 pairwise blocks. The two KL PNGs are byte-identical between item_N and item_N+9 BECAUSE they are flat zero - expected, not a defect. The real Qwen comparison lives in mi-base-vs-sft-divergence."
mi/plots/residual-divergence/item_6_dual_channel_default/tracked_3363_by_layer.png,export,265946,,,ttl,open,local-fs,mi-gpt2-control,2-logit-lens,C:\Users\spenc\Downloads\residual_plots\item_6_dual_channel_default\tracked_3363_by_layer.png,"GPT-2 -> GPT-2 CONTROL, not a Qwen base-vs-SFT result: 12 layers / 9 tokens / prompt ""Explain the moon landing in one paragraph."" Both sides are the SAME model, so kl_div and norm_diff are identically 0.0 and cosine_sim is 1.0 across all 6 pairwise blocks. The two KL PNGs are byte-identical between item_N and item_N+9 BECAUSE they are flat zero - expected, not a defect. The real Qwen comparison lives in mi-base-vs-sft-divergence."
mi/plots/residual-divergence/item_6_dual_channel_default/tracked_3363_by_token.png,export,335853,,,ttl,open,local-fs,mi-gpt2-control,2-logit-lens,C:\Users\spenc\Downloads\residual_plots\item_6_dual_channel_default\tracked_3363_by_token.png,"GPT-2 -> GPT-2 CONTROL, not a Qwen base-vs-SFT result: 12 layers / 9 tokens / prompt ""Explain the moon landing in one paragraph."" Both sides are the SAME model, so kl_div and norm_diff are identically 0.0 and cosine_sim is 1.0 across all 6 pairwise blocks. The two KL PNGs are byte-identical between item_N and item_N+9 BECAUSE they are flat zero - expected, not a defect. The real Qwen comparison lives in mi-base-vs-sft-divergence."
mi/plots/residual-divergence/item_7_dual_channel_sft_unembed/cosine_sim_by_layer.png,export,334045,,,ttl,open,local-fs,mi-gpt2-control,2-logit-lens,C:\Users\spenc\Downloads\residual_plots\item_7_dual_channel_sft_unembed\cosine_sim_by_layer.png,"GPT-2 -> GPT-2 CONTROL, not a Qwen base-vs-SFT result: 12 layers / 9 tokens / prompt ""Explain the moon landing in one paragraph."" Both sides are the SAME model, so kl_div and norm_diff are identically 0.0 and cosine_sim is 1.0 across all 6 pairwise blocks. The two KL PNGs are byte-identical between item_N and item_N+9 BECAUSE they are flat zero - expected, not a defect. The real Qwen comparison lives in mi-base-vs-sft-divergence."
mi/plots/residual-divergence/item_7_dual_channel_sft_unembed/cosine_sim_by_token.png,export,340685,,,ttl,open,local-fs,mi-gpt2-control,2-logit-lens,C:\Users\spenc\Downloads\residual_plots\item_7_dual_channel_sft_unembed\cosine_sim_by_token.png,"GPT-2 -> GPT-2 CONTROL, not a Qwen base-vs-SFT result: 12 layers / 9 tokens / prompt ""Explain the moon landing in one paragraph."" Both sides are the SAME model, so kl_div and norm_diff are identically 0.0 and cosine_sim is 1.0 across all 6 pairwise blocks. The two KL PNGs are byte-identical between item_N and item_N+9 BECAUSE they are flat zero - expected, not a defect. The real Qwen comparison lives in mi-base-vs-sft-divergence."
mi/plots/residual-divergence/item_7_dual_channel_sft_unembed/entropy_by_layer.png,export,290495,,,ttl,open,local-fs,mi-gpt2-control,2-logit-lens,C:\Users\spenc\Downloads\residual_plots\item_7_dual_channel_sft_unembed\entropy_by_layer.png,"GPT-2 -> GPT-2 CONTROL, not a Qwen base-vs-SFT result: 12 layers / 9 tokens / prompt ""Explain the moon landing in one paragraph."" Both sides are the SAME model, so kl_div and norm_diff are identically 0.0 and cosine_sim is 1.0 across all 6 pairwise blocks. The two KL PNGs are byte-identical between item_N and item_N+9 BECAUSE they are flat zero - expected, not a defect. The real Qwen comparison lives in mi-base-vs-sft-divergence."
mi/plots/residual-divergence/item_7_dual_channel_sft_unembed/entropy_by_token.png,export,334646,,,ttl,open,local-fs,mi-gpt2-control,2-logit-lens,C:\Users\spenc\Downloads\residual_plots\item_7_dual_channel_sft_unembed\entropy_by_token.png,"GPT-2 -> GPT-2 CONTROL, not a Qwen base-vs-SFT result: 12 layers / 9 tokens / prompt ""Explain the moon landing in one paragraph."" Both sides are the SAME model, so kl_div and norm_diff are identically 0.0 and cosine_sim is 1.0 across all 6 pairwise blocks. The two KL PNGs are byte-identical between item_N and item_N+9 BECAUSE they are flat zero - expected, not a defect. The real Qwen comparison lives in mi-base-vs-sft-divergence."
mi/plots/residual-divergence/item_7_dual_channel_sft_unembed/kl_div_by_layer.png,export,64823,,,ttl,open,local-fs,mi-gpt2-control,2-logit-lens,C:\Users\spenc\Downloads\residual_plots\item_7_dual_channel_sft_unembed\kl_div_by_layer.png,"GPT-2 -> GPT-2 CONTROL, not a Qwen base-vs-SFT result: 12 layers / 9 tokens / prompt ""Explain the moon landing in one paragraph."" Both sides are the SAME model, so kl_div and norm_diff are identically 0.0 and cosine_sim is 1.0 across all 6 pairwise blocks. The two KL PNGs are byte-identical between item_N and item_N+9 BECAUSE they are flat zero - expected, not a defect. The real Qwen comparison lives in mi-base-vs-sft-divergence."
mi/plots/residual-divergence/item_7_dual_channel_sft_unembed/kl_div_by_token.png,export,95507,,,ttl,open,local-fs,mi-gpt2-control,2-logit-lens,C:\Users\spenc\Downloads\residual_plots\item_7_dual_channel_sft_unembed\kl_div_by_token.png,"GPT-2 -> GPT-2 CONTROL, not a Qwen base-vs-SFT result: 12 layers / 9 tokens / prompt ""Explain the moon landing in one paragraph."" Both sides are the SAME model, so kl_div and norm_diff are identically 0.0 and cosine_sim is 1.0 across all 6 pairwise blocks. The two KL PNGs are byte-identical between item_N and item_N+9 BECAUSE they are flat zero - expected, not a defect. The real Qwen comparison lives in mi-base-vs-sft-divergence."
mi/plots/residual-divergence/item_7_dual_channel_sft_unembed/norm_by_layer.png,export,156906,,,ttl,open,local-fs,mi-gpt2-control,2-logit-lens,C:\Users\spenc\Downloads\residual_plots\item_7_dual_channel_sft_unembed\norm_by_layer.png,"GPT-2 -> GPT-2 CONTROL, not a Qwen base-vs-SFT result: 12 layers / 9 tokens / prompt ""Explain the moon landing in one paragraph."" Both sides are the SAME model, so kl_div and norm_diff are identically 0.0 and cosine_sim is 1.0 across all 6 pairwise blocks. The two KL PNGs are byte-identical between item_N and item_N+9 BECAUSE they are flat zero - expected, not a defect. The real Qwen comparison lives in mi-base-vs-sft-divergence."
mi/plots/residual-divergence/item_7_dual_channel_sft_unembed/norm_by_token.png,export,245450,,,ttl,open,local-fs,mi-gpt2-control,2-logit-lens,C:\Users\spenc\Downloads\residual_plots\item_7_dual_channel_sft_unembed\norm_by_token.png,"GPT-2 -> GPT-2 CONTROL, not a Qwen base-vs-SFT result: 12 layers / 9 tokens / prompt ""Explain the moon landing in one paragraph."" Both sides are the SAME model, so kl_div and norm_diff are identically 0.0 and cosine_sim is 1.0 across all 6 pairwise blocks. The two KL PNGs are byte-identical between item_N and item_N+9 BECAUSE they are flat zero - expected, not a defect. The real Qwen comparison lives in mi-base-vs-sft-divergence."
mi/plots/residual-divergence/item_7_dual_channel_sft_unembed/tracked_1400_by_layer.png,export,177477,,,ttl,open,local-fs,mi-gpt2-control,2-logit-lens,C:\Users\spenc\Downloads\residual_plots\item_7_dual_channel_sft_unembed\tracked_1400_by_layer.png,"GPT-2 -> GPT-2 CONTROL, not a Qwen base-vs-SFT result: 12 layers / 9 tokens / prompt ""Explain the moon landing in one paragraph."" Both sides are the SAME model, so kl_div and norm_diff are identically 0.0 and cosine_sim is 1.0 across all 6 pairwise blocks. The two KL PNGs are byte-identical between item_N and item_N+9 BECAUSE they are flat zero - expected, not a defect. The real Qwen comparison lives in mi-base-vs-sft-divergence."
mi/plots/residual-divergence/item_7_dual_channel_sft_unembed/tracked_1400_by_token.png,export,240318,,,ttl,open,local-fs,mi-gpt2-control,2-logit-lens,C:\Users\spenc\Downloads\residual_plots\item_7_dual_channel_sft_unembed\tracked_1400_by_token.png,"GPT-2 -> GPT-2 CONTROL, not a Qwen base-vs-SFT result: 12 layers / 9 tokens / prompt ""Explain the moon landing in one paragraph."" Both sides are the SAME model, so kl_div and norm_diff are identically 0.0 and cosine_sim is 1.0 across all 6 pairwise blocks. The two KL PNGs are byte-identical between item_N and item_N+9 BECAUSE they are flat zero - expected, not a defect. The real Qwen comparison lives in mi-base-vs-sft-divergence."
mi/plots/residual-divergence/item_7_dual_channel_sft_unembed/tracked_3363_by_layer.png,export,267385,,,ttl,open,local-fs,mi-gpt2-control,2-logit-lens,C:\Users\spenc\Downloads\residual_plots\item_7_dual_channel_sft_unembed\tracked_3363_by_layer.png,"GPT-2 -> GPT-2 CONTROL, not a Qwen base-vs-SFT result: 12 layers / 9 tokens / prompt ""Explain the moon landing in one paragraph."" Both sides are the SAME model, so kl_div and norm_diff are identically 0.0 and cosine_sim is 1.0 across all 6 pairwise blocks. The two KL PNGs are byte-identical between item_N and item_N+9 BECAUSE they are flat zero - expected, not a defect. The real Qwen comparison lives in mi-base-vs-sft-divergence."
mi/plots/residual-divergence/item_7_dual_channel_sft_unembed/tracked_3363_by_token.png,export,337248,,,ttl,open,local-fs,mi-gpt2-control,2-logit-lens,C:\Users\spenc\Downloads\residual_plots\item_7_dual_channel_sft_unembed\tracked_3363_by_token.png,"GPT-2 -> GPT-2 CONTROL, not a Qwen base-vs-SFT result: 12 layers / 9 tokens / prompt ""Explain the moon landing in one paragraph."" Both sides are the SAME model, so kl_div and norm_diff are identically 0.0 and cosine_sim is 1.0 across all 6 pairwise blocks. The two KL PNGs are byte-identical between item_N and item_N+9 BECAUSE they are flat zero - expected, not a defect. The real Qwen comparison lives in mi-base-vs-sft-divergence."
mi/plots/residual-divergence/item_8_dual_channel_sft_embedding/cosine_sim_by_layer.png,export,334959,,,ttl,open,local-fs,mi-gpt2-control,2-logit-lens,C:\Users\spenc\Downloads\residual_plots\item_8_dual_channel_sft_embedding\cosine_sim_by_layer.png,"GPT-2 -> GPT-2 CONTROL, not a Qwen base-vs-SFT result: 12 layers / 9 tokens / prompt ""Explain the moon landing in one paragraph."" Both sides are the SAME model, so kl_div and norm_diff are identically 0.0 and cosine_sim is 1.0 across all 6 pairwise blocks. The two KL PNGs are byte-identical between item_N and item_N+9 BECAUSE they are flat zero - expected, not a defect. The real Qwen comparison lives in mi-base-vs-sft-divergence."
mi/plots/residual-divergence/item_8_dual_channel_sft_embedding/cosine_sim_by_token.png,export,341603,,,ttl,open,local-fs,mi-gpt2-control,2-logit-lens,C:\Users\spenc\Downloads\residual_plots\item_8_dual_channel_sft_embedding\cosine_sim_by_token.png,"GPT-2 -> GPT-2 CONTROL, not a Qwen base-vs-SFT result: 12 layers / 9 tokens / prompt ""Explain the moon landing in one paragraph."" Both sides are the SAME model, so kl_div and norm_diff are identically 0.0 and cosine_sim is 1.0 across all 6 pairwise blocks. The two KL PNGs are byte-identical between item_N and item_N+9 BECAUSE they are flat zero - expected, not a defect. The real Qwen comparison lives in mi-base-vs-sft-divergence."
mi/plots/residual-divergence/item_8_dual_channel_sft_embedding/entropy_by_layer.png,export,291479,,,ttl,open,local-fs,mi-gpt2-control,2-logit-lens,C:\Users\spenc\Downloads\residual_plots\item_8_dual_channel_sft_embedding\entropy_by_layer.png,"GPT-2 -> GPT-2 CONTROL, not a Qwen base-vs-SFT result: 12 layers / 9 tokens / prompt ""Explain the moon landing in one paragraph."" Both sides are the SAME model, so kl_div and norm_diff are identically 0.0 and cosine_sim is 1.0 across all 6 pairwise blocks. The two KL PNGs are byte-identical between item_N and item_N+9 BECAUSE they are flat zero - expected, not a defect. The real Qwen comparison lives in mi-base-vs-sft-divergence."
mi/plots/residual-divergence/item_8_dual_channel_sft_embedding/entropy_by_token.png,export,335675,,,ttl,open,local-fs,mi-gpt2-control,2-logit-lens,C:\Users\spenc\Downloads\residual_plots\item_8_dual_channel_sft_embedding\entropy_by_token.png,"GPT-2 -> GPT-2 CONTROL, not a Qwen base-vs-SFT result: 12 layers / 9 tokens / prompt ""Explain the moon landing in one paragraph."" Both sides are the SAME model, so kl_div and norm_diff are identically 0.0 and cosine_sim is 1.0 across all 6 pairwise blocks. The two KL PNGs are byte-identical between item_N and item_N+9 BECAUSE they are flat zero - expected, not a defect. The real Qwen comparison lives in mi-base-vs-sft-divergence."
mi/plots/residual-divergence/item_8_dual_channel_sft_embedding/kl_div_by_layer.png,export,65845,,,ttl,open,local-fs,mi-gpt2-control,2-logit-lens,C:\Users\spenc\Downloads\residual_plots\item_8_dual_channel_sft_embedding\kl_div_by_layer.png,"GPT-2 -> GPT-2 CONTROL, not a Qwen base-vs-SFT result: 12 layers / 9 tokens / prompt ""Explain the moon landing in one paragraph."" Both sides are the SAME model, so kl_div and norm_diff are identically 0.0 and cosine_sim is 1.0 across all 6 pairwise blocks. The two KL PNGs are byte-identical between item_N and item_N+9 BECAUSE they are flat zero - expected, not a defect. The real Qwen comparison lives in mi-base-vs-sft-divergence."
mi/plots/residual-divergence/item_8_dual_channel_sft_embedding/kl_div_by_token.png,export,96373,,,ttl,open,local-fs,mi-gpt2-control,2-logit-lens,C:\Users\spenc\Downloads\residual_plots\item_8_dual_channel_sft_embedding\kl_div_by_token.png,"GPT-2 -> GPT-2 CONTROL, not a Qwen base-vs-SFT result: 12 layers / 9 tokens / prompt ""Explain the moon landing in one paragraph."" Both sides are the SAME model, so kl_div and norm_diff are identically 0.0 and cosine_sim is 1.0 across all 6 pairwise blocks. The two KL PNGs are byte-identical between item_N and item_N+9 BECAUSE they are flat zero - expected, not a defect. The real Qwen comparison lives in mi-base-vs-sft-divergence."
mi/plots/residual-divergence/item_8_dual_channel_sft_embedding/norm_by_layer.png,export,157821,,,ttl,open,local-fs,mi-gpt2-control,2-logit-lens,C:\Users\spenc\Downloads\residual_plots\item_8_dual_channel_sft_embedding\norm_by_layer.png,"GPT-2 -> GPT-2 CONTROL, not a Qwen base-vs-SFT result: 12 layers / 9 tokens / prompt ""Explain the moon landing in one paragraph."" Both sides are the SAME model, so kl_div and norm_diff are identically 0.0 and cosine_sim is 1.0 across all 6 pairwise blocks. The two KL PNGs are byte-identical between item_N and item_N+9 BECAUSE they are flat zero - expected, not a defect. The real Qwen comparison lives in mi-base-vs-sft-divergence."
mi/plots/residual-divergence/item_8_dual_channel_sft_embedding/norm_by_token.png,export,246406,,,ttl,open,local-fs,mi-gpt2-control,2-logit-lens,C:\Users\spenc\Downloads\residual_plots\item_8_dual_channel_sft_embedding\norm_by_token.png,"GPT-2 -> GPT-2 CONTROL, not a Qwen base-vs-SFT result: 12 layers / 9 tokens / prompt ""Explain the moon landing in one paragraph."" Both sides are the SAME model, so kl_div and norm_diff are identically 0.0 and cosine_sim is 1.0 across all 6 pairwise blocks. The two KL PNGs are byte-identical between item_N and item_N+9 BECAUSE they are flat zero - expected, not a defect. The real Qwen comparison lives in mi-base-vs-sft-divergence."
mi/plots/residual-divergence/item_8_dual_channel_sft_embedding/tracked_1400_by_layer.png,export,178231,,,ttl,open,local-fs,mi-gpt2-control,2-logit-lens,C:\Users\spenc\Downloads\residual_plots\item_8_dual_channel_sft_embedding\tracked_1400_by_layer.png,"GPT-2 -> GPT-2 CONTROL, not a Qwen base-vs-SFT result: 12 layers / 9 tokens / prompt ""Explain the moon landing in one paragraph."" Both sides are the SAME model, so kl_div and norm_diff are identically 0.0 and cosine_sim is 1.0 across all 6 pairwise blocks. The two KL PNGs are byte-identical between item_N and item_N+9 BECAUSE they are flat zero - expected, not a defect. The real Qwen comparison lives in mi-base-vs-sft-divergence."
mi/plots/residual-divergence/item_8_dual_channel_sft_embedding/tracked_1400_by_token.png,export,241259,,,ttl,open,local-fs,mi-gpt2-control,2-logit-lens,C:\Users\spenc\Downloads\residual_plots\item_8_dual_channel_sft_embedding\tracked_1400_by_token.png,"GPT-2 -> GPT-2 CONTROL, not a Qwen base-vs-SFT result: 12 layers / 9 tokens / prompt ""Explain the moon landing in one paragraph."" Both sides are the SAME model, so kl_div and norm_diff are identically 0.0 and cosine_sim is 1.0 across all 6 pairwise blocks. The two KL PNGs are byte-identical between item_N and item_N+9 BECAUSE they are flat zero - expected, not a defect. The real Qwen comparison lives in mi-base-vs-sft-divergence."
mi/plots/residual-divergence/item_8_dual_channel_sft_embedding/tracked_3363_by_layer.png,export,268445,,,ttl,open,local-fs,mi-gpt2-control,2-logit-lens,C:\Users\spenc\Downloads\residual_plots\item_8_dual_channel_sft_embedding\tracked_3363_by_layer.png,"GPT-2 -> GPT-2 CONTROL, not a Qwen base-vs-SFT result: 12 layers / 9 tokens / prompt ""Explain the moon landing in one paragraph."" Both sides are the SAME model, so kl_div and norm_diff are identically 0.0 and cosine_sim is 1.0 across all 6 pairwise blocks. The two KL PNGs are byte-identical between item_N and item_N+9 BECAUSE they are flat zero - expected, not a defect. The real Qwen comparison lives in mi-base-vs-sft-divergence."
mi/plots/residual-divergence/item_8_dual_channel_sft_embedding/tracked_3363_by_token.png,export,338215,,,ttl,open,local-fs,mi-gpt2-control,2-logit-lens,C:\Users\spenc\Downloads\residual_plots\item_8_dual_channel_sft_embedding\tracked_3363_by_token.png,"GPT-2 -> GPT-2 CONTROL, not a Qwen base-vs-SFT result: 12 layers / 9 tokens / prompt ""Explain the moon landing in one paragraph."" Both sides are the SAME model, so kl_div and norm_diff are identically 0.0 and cosine_sim is 1.0 across all 6 pairwise blocks. The two KL PNGs are byte-identical between item_N and item_N+9 BECAUSE they are flat zero - expected, not a defect. The real Qwen comparison lives in mi-base-vs-sft-divergence."
mi/plots/residual-divergence/item_9_identity_default/cosine_sim_by_layer.png,export,324548,,,ttl,open,local-fs,mi-gpt2-control,2-logit-lens,C:\Users\spenc\Downloads\residual_plots\item_9_identity_default\cosine_sim_by_layer.png,"GPT-2 -> GPT-2 CONTROL, not a Qwen base-vs-SFT result: 12 layers / 9 tokens / prompt ""Explain the moon landing in one paragraph."" Both sides are the SAME model, so kl_div and norm_diff are identically 0.0 and cosine_sim is 1.0 across all 6 pairwise blocks. The two KL PNGs are byte-identical between item_N and item_N+9 BECAUSE they are flat zero - expected, not a defect. The real Qwen comparison lives in mi-base-vs-sft-divergence."
mi/plots/residual-divergence/item_9_identity_default/cosine_sim_by_token.png,export,341836,,,ttl,open,local-fs,mi-gpt2-control,2-logit-lens,C:\Users\spenc\Downloads\residual_plots\item_9_identity_default\cosine_sim_by_token.png,"GPT-2 -> GPT-2 CONTROL, not a Qwen base-vs-SFT result: 12 layers / 9 tokens / prompt ""Explain the moon landing in one paragraph."" Both sides are the SAME model, so kl_div and norm_diff are identically 0.0 and cosine_sim is 1.0 across all 6 pairwise blocks. The two KL PNGs are byte-identical between item_N and item_N+9 BECAUSE they are flat zero - expected, not a defect. The real Qwen comparison lives in mi-base-vs-sft-divergence."
mi/plots/residual-divergence/item_9_identity_default/entropy_by_layer.png,export,246000,,,ttl,open,local-fs,mi-gpt2-control,2-logit-lens,C:\Users\spenc\Downloads\residual_plots\item_9_identity_default\entropy_by_layer.png,"GPT-2 -> GPT-2 CONTROL, not a Qwen base-vs-SFT result: 12 layers / 9 tokens / prompt ""Explain the moon landing in one paragraph."" Both sides are the SAME model, so kl_div and norm_diff are identically 0.0 and cosine_sim is 1.0 across all 6 pairwise blocks. The two KL PNGs are byte-identical between item_N and item_N+9 BECAUSE they are flat zero - expected, not a defect. The real Qwen comparison lives in mi-base-vs-sft-divergence."
mi/plots/residual-divergence/item_9_identity_default/entropy_by_token.png,export,299386,,,ttl,open,local-fs,mi-gpt2-control,2-logit-lens,C:\Users\spenc\Downloads\residual_plots\item_9_identity_default\entropy_by_token.png,"GPT-2 -> GPT-2 CONTROL, not a Qwen base-vs-SFT result: 12 layers / 9 tokens / prompt ""Explain the moon landing in one paragraph."" Both sides are the SAME model, so kl_div and norm_diff are identically 0.0 and cosine_sim is 1.0 across all 6 pairwise blocks. The two KL PNGs are byte-identical between item_N and item_N+9 BECAUSE they are flat zero - expected, not a defect. The real Qwen comparison lives in mi-base-vs-sft-divergence."
mi/plots/residual-divergence/item_9_identity_default/kl_div_by_layer.png,export,62860,,,ttl,open,local-fs,mi-gpt2-control,2-logit-lens,C:\Users\spenc\Downloads\residual_plots\item_9_identity_default\kl_div_by_layer.png,"GPT-2 -> GPT-2 CONTROL, not a Qwen base-vs-SFT result: 12 layers / 9 tokens / prompt ""Explain the moon landing in one paragraph."" Both sides are the SAME model, so kl_div and norm_diff are identically 0.0 and cosine_sim is 1.0 across all 6 pairwise blocks. The two KL PNGs are byte-identical between item_N and item_N+9 BECAUSE they are flat zero - expected, not a defect. The real Qwen comparison lives in mi-base-vs-sft-divergence."
mi/plots/residual-divergence/item_9_identity_default/kl_div_by_token.png,export,93575,,,ttl,open,local-fs,mi-gpt2-control,2-logit-lens,C:\Users\spenc\Downloads\residual_plots\item_9_identity_default\kl_div_by_token.png,"GPT-2 -> GPT-2 CONTROL, not a Qwen base-vs-SFT result: 12 layers / 9 tokens / prompt ""Explain the moon landing in one paragraph."" Both sides are the SAME model, so kl_div and norm_diff are identically 0.0 and cosine_sim is 1.0 across all 6 pairwise blocks. The two KL PNGs are byte-identical between item_N and item_N+9 BECAUSE they are flat zero - expected, not a defect. The real Qwen comparison lives in mi-base-vs-sft-divergence."
mi/plots/residual-divergence/item_9_identity_default/norm_by_layer.png,export,154294,,,ttl,open,local-fs,mi-gpt2-control,2-logit-lens,C:\Users\spenc\Downloads\residual_plots\item_9_identity_default\norm_by_layer.png,"GPT-2 -> GPT-2 CONTROL, not a Qwen base-vs-SFT result: 12 layers / 9 tokens / prompt ""Explain the moon landing in one paragraph."" Both sides are the SAME model, so kl_div and norm_diff are identically 0.0 and cosine_sim is 1.0 across all 6 pairwise blocks. The two KL PNGs are byte-identical between item_N and item_N+9 BECAUSE they are flat zero - expected, not a defect. The real Qwen comparison lives in mi-base-vs-sft-divergence."
mi/plots/residual-divergence/item_9_identity_default/norm_by_token.png,export,240441,,,ttl,open,local-fs,mi-gpt2-control,2-logit-lens,C:\Users\spenc\Downloads\residual_plots\item_9_identity_default\norm_by_token.png,"GPT-2 -> GPT-2 CONTROL, not a Qwen base-vs-SFT result: 12 layers / 9 tokens / prompt ""Explain the moon landing in one paragraph."" Both sides are the SAME model, so kl_div and norm_diff are identically 0.0 and cosine_sim is 1.0 across all 6 pairwise blocks. The two KL PNGs are byte-identical between item_N and item_N+9 BECAUSE they are flat zero - expected, not a defect. The real Qwen comparison lives in mi-base-vs-sft-divergence."
mi/plots/residual-divergence/item_9_identity_default/tracked_1400_by_layer.png,export,179311,,,ttl,open,local-fs,mi-gpt2-control,2-logit-lens,C:\Users\spenc\Downloads\residual_plots\item_9_identity_default\tracked_1400_by_layer.png,"GPT-2 -> GPT-2 CONTROL, not a Qwen base-vs-SFT result: 12 layers / 9 tokens / prompt ""Explain the moon landing in one paragraph."" Both sides are the SAME model, so kl_div and norm_diff are identically 0.0 and cosine_sim is 1.0 across all 6 pairwise blocks. The two KL PNGs are byte-identical between item_N and item_N+9 BECAUSE they are flat zero - expected, not a defect. The real Qwen comparison lives in mi-base-vs-sft-divergence."
mi/plots/residual-divergence/item_9_identity_default/tracked_1400_by_token.png,export,230693,,,ttl,open,local-fs,mi-gpt2-control,2-logit-lens,C:\Users\spenc\Downloads\residual_plots\item_9_identity_default\tracked_1400_by_token.png,"GPT-2 -> GPT-2 CONTROL, not a Qwen base-vs-SFT result: 12 layers / 9 tokens / prompt ""Explain the moon landing in one paragraph."" Both sides are the SAME model, so kl_div and norm_diff are identically 0.0 and cosine_sim is 1.0 across all 6 pairwise blocks. The two KL PNGs are byte-identical between item_N and item_N+9 BECAUSE they are flat zero - expected, not a defect. The real Qwen comparison lives in mi-base-vs-sft-divergence."
mi/plots/residual-divergence/item_9_identity_default/tracked_3363_by_layer.png,export,278086,,,ttl,open,local-fs,mi-gpt2-control,2-logit-lens,C:\Users\spenc\Downloads\residual_plots\item_9_identity_default\tracked_3363_by_layer.png,"GPT-2 -> GPT-2 CONTROL, not a Qwen base-vs-SFT result: 12 layers / 9 tokens / prompt ""Explain the moon landing in one paragraph."" Both sides are the SAME model, so kl_div and norm_diff are identically 0.0 and cosine_sim is 1.0 across all 6 pairwise blocks. The two KL PNGs are byte-identical between item_N and item_N+9 BECAUSE they are flat zero - expected, not a defect. The real Qwen comparison lives in mi-base-vs-sft-divergence."
mi/plots/residual-divergence/item_9_identity_default/tracked_3363_by_token.png,export,341651,,,ttl,open,local-fs,mi-gpt2-control,2-logit-lens,C:\Users\spenc\Downloads\residual_plots\item_9_identity_default\tracked_3363_by_token.png,"GPT-2 -> GPT-2 CONTROL, not a Qwen base-vs-SFT result: 12 layers / 9 tokens / prompt ""Explain the moon landing in one paragraph."" Both sides are the SAME model, so kl_div and norm_diff are identically 0.0 and cosine_sim is 1.0 across all 6 pairwise blocks. The two KL PNGs are byte-identical between item_N and item_N+9 BECAUSE they are flat zero - expected, not a defect. The real Qwen comparison lives in mi-base-vs-sft-divergence."
mi/weight-space/projection-rank/effective_rank_down_proj.png,export,119745,,,keep_forever,open,local-fs,mi-weight-space,none,C:\Users\spenc\Downloads\files_projection_rank\effective_rank_down_proj.png,"effective rank per projection matrix; PNG only, numeric spectra NOT saved"
mi/weight-space/projection-rank/effective_rank_gate_proj.png,export,121475,,,keep_forever,open,local-fs,mi-weight-space,none,C:\Users\spenc\Downloads\files_projection_rank\effective_rank_gate_proj.png,"effective rank per projection matrix; PNG only, numeric spectra NOT saved"
mi/weight-space/projection-rank/effective_rank_k_proj.png,export,129773,,,keep_forever,open,local-fs,mi-weight-space,none,C:\Users\spenc\Downloads\files_projection_rank\effective_rank_k_proj.png,"effective rank per projection matrix; PNG only, numeric spectra NOT saved"
mi/weight-space/projection-rank/effective_rank_o_proj.png,export,153713,,,keep_forever,open,local-fs,mi-weight-space,none,C:\Users\spenc\Downloads\files_projection_rank\effective_rank_o_proj.png,"effective rank per projection matrix; PNG only, numeric spectra NOT saved"
mi/weight-space/projection-rank/effective_rank_q_proj.png,export,142582,,,keep_forever,open,local-fs,mi-weight-space,none,C:\Users\spenc\Downloads\files_projection_rank\effective_rank_q_proj.png,"effective rank per projection matrix; PNG only, numeric spectra NOT saved"
mi/weight-space/projection-rank/effective_rank_up_proj.png,export,118484,,,keep_forever,open,local-fs,mi-weight-space,none,C:\Users\spenc\Downloads\files_projection_rank\effective_rank_up_proj.png,"effective rank per projection matrix; PNG only, numeric spectra NOT saved"
mi/weight-space/projection-rank/effective_rank_v_proj.png,export,130047,,,keep_forever,open,local-fs,mi-weight-space,none,C:\Users\spenc\Downloads\files_projection_rank\effective_rank_v_proj.png,"effective rank per projection matrix; PNG only, numeric spectra NOT saved"
